ime_oseba,priimek_oseba,email
Adélaïde,Demetr,edemetr0@who.int
Gérald,Darell,qdarell1@irs.gov
Solène,Arnson,larnson2@archive.org
Amélie,Jeandel,njeandel3@qq.com
Maëline,Brisson,abrisson4@mapy.cz
Måns,Andreolli,fandreolli5@sciencedaily.com
Anaé,Capstaff,rcapstaff6@bizjournals.com
Tán,Chasson,mchasson7@google.nl
Fèi,Allright,hallright8@aboutads.info
Vénus,Drivers,adrivers9@fotki.com
Mélanie,Cunde,gcundea@trellian.com
Léonore,McCaskell,tmccaskellb@squidoo.com
Marie-hélène,Bennedick,sbennedickc@dot.gov
Gwenaëlle,Camies,tcamiesd@blogspot.com
Léana,Andreazzi,candreazzie@wikispaces.com
Estève,Gallant,jgallantf@businesswire.com
Crééz,Whatley,cwhatleyg@walmart.com
Gösta,Sleney,tsleneyh@jugem.jp
Börje,Dearnaly,sdearnalyi@pen.io
Kuí,Paulillo,fpaulilloj@themeforest.net
Garçon,Matzke,dmatzkek@usatoday.com
Danièle,Wetheril,awetherill@icq.com
Ráo,Halbeard,phalbeardm@imgur.com
Agnès,Lavell,blavelln@indiatimes.com
Personnalisée,Eagers,peagerso@spotify.com
Åsa,Overton,bovertonp@hao123.com
Kévina,Carsey,dcarseyq@wikimedia.org
Annotés,Busch,mbuschr@php.net
Erwéi,Castelletto,pcastellettos@shutterfly.com
Cécilia,Presley,gpresleyt@nhs.uk
Mahélie,Huggan,ahugganu@lycos.com
André,Purshouse,gpurshousev@yale.edu
Méghane,Flecknoe,kflecknoew@oaic.gov.au
Örjan,Meletti,kmelettix@jigsy.com
André,Mar,rmary@scribd.com
Méline,Roust,troustz@mozilla.com
Maëline,Myhan,imyhan10@businessinsider.com
Björn,Vallack,bvallack11@yelp.com
Méline,Garwood,pgarwood12@sciencedaily.com
Kuí,Flucker,lflucker13@bloglovin.com
Maïlys,Eardley,meardley14@github.com
Mélanie,Biever,mbiever15@skype.com
Valérie,Duggleby,tduggleby16@moonfruit.com
Agnès,Worgen,hworgen17@google.pl
Lèi,Gothliff,lgothliff18@census.gov
Adélaïde,Bartul,cbartul19@loc.gov
Börje,Maffi,tmaffi1a@theguardian.com
Mélinda,Robbs,nrobbs1b@independent.co.uk
Bérangère,Trengrove,ltrengrove1c@thetimes.co.uk
Léonore,Dummett,gdummett1d@aol.com
Adélaïde,Simpkin,gsimpkin1e@yale.edu
Gérald,Shaves,ashaves1f@reddit.com
Clémence,Derx,aderx1g@umich.edu
Médiamass,Ithell,sithell1h@mashable.com
Méline,Fillon,ifillon1i@weibo.com
Mélodie,des Remedios,bdesremedios1j@businesswire.com
André,Jorck,kjorck1k@cnn.com
Célia,Beever,abeever1l@scientificamerican.com
Réjane,Duker,aduker1m@bizjournals.com
Almérinda,Lindstrom,clindstrom1n@scientificamerican.com
Eloïse,Burchett,lburchett1o@icq.com
Maëline,Hingeley,shingeley1p@accuweather.com
Mén,Avey,havey1q@earthlink.net
Mégane,Treend,wtreend1r@hexun.com
Gisèle,Tezure,ttezure1s@cnet.com
Mélia,Frostick,vfrostick1t@multiply.com
Eléonore,Candelin,lcandelin1u@jugem.jp
Naëlle,Passman,bpassman1v@pinterest.com
Géraldine,Joynt,pjoynt1w@bbb.org
Adélie,Moughtin,jmoughtin1x@gravatar.com
Lén,O'Siaghail,aosiaghail1y@engadget.com
Ruò,Sturdey,dsturdey1z@ameblo.jp
Vénus,Sings,hsings20@comcast.net
Méryl,Boullin,tboullin21@live.com
André,Gonet,bgonet22@baidu.com
Mélanie,Lealle,glealle23@answers.com
Angèle,Ciotti,bciotti24@shop-pro.jp
Cléa,Haugh,chaugh25@nature.com
Esbjörn,Bonsul,sbonsul26@bing.com
Yú,Wayne,rwayne27@un.org
Solène,McDermott,rmcdermott28@icq.com
Görel,Dagworthy,pdagworthy29@smugmug.com
Dà,Ruckhard,aruckhard2a@webnode.com
Maéna,Parfett,aparfett2b@zdnet.com
Stéphanie,Holsall,mholsall2c@hubpages.com
Dà,Brockhouse,abrockhouse2d@sakura.ne.jp
Béatrice,Gilmour,lgilmour2e@china.com.cn
Véronique,Popworth,kpopworth2f@dion.ne.jp
Médiamass,Farndale,jfarndale2g@nhs.uk
Aloïs,Tamplin,vtamplin2h@free.fr
Yè,Dudin,bdudin2i@mysql.com
Personnalisée,Lorryman,clorryman2j@4shared.com
Lucrèce,Caulier,dcaulier2k@topsy.com
Tán,Conklin,jconklin2l@un.org
Yú,Tarbett,atarbett2m@devhub.com
Bérengère,Spearing,sspearing2n@cyberchimps.com
Gaëlle,Larcher,hlarcher2o@scribd.com
Josée,Gorgler,agorgler2p@nhs.uk
Pò,Karchowski,nkarchowski2q@i2i.jp
Marlène,Teesdale,eteesdale2r@boston.com
Irène,Gerdts,hgerdts2s@123-reg.co.uk
Gwenaëlle,Oldland,doldland2t@infoseek.co.jp
Dù,Beed,kbeed2u@behance.net
Faîtes,Danilovich,sdanilovich2v@qq.com
Aimée,Glave,eglave2w@wordpress.com
Ruì,Franey,nfraney2x@army.mil
Östen,ffrench Beytagh,lffrenchbeytagh2y@imageshack.us
Méthode,Minerdo,wminerdo2z@cbc.ca
Sélène,Lote,clote30@livejournal.com
Léana,Logie,slogie31@drupal.org
Estève,Chittenden,ichittenden32@paginegialle.it
Salomé,Straine,rstraine33@comcast.net
Néhémie,Hoggan,ahoggan34@goo.ne.jp
Marie-ève,Strothers,bstrothers35@hostgator.com
Zoé,Scraney,dscraney36@ihg.com
Styrbjörn,Pringour,bpringour37@issuu.com
Edmée,Alster,falster38@tinypic.com
Agnès,Smithson,rsmithson39@mashable.com
Edmée,Chamberlayne,nchamberlayne3a@pcworld.com
Marlène,Hazelby,fhazelby3b@google.ca
Mégane,Pickthall,cpickthall3c@hc360.com
Maëlyss,Shasnan,jshasnan3d@is.gd
Garçon,Macvain,bmacvain3e@washington.edu
Mélinda,Dilke,cdilke3f@google.es
Cléa,McElhinney,hmcelhinney3g@technorati.com
Maéna,Gutans,ggutans3h@unc.edu
Noëlla,Omrod,romrod3i@oracle.com
Mélia,Heamus,mheamus3j@wired.com
Lauréna,Selly,mselly3k@cdbaby.com
Sòng,Villaret,evillaret3l@businessinsider.com
Hélène,Henke,ehenke3m@ask.com
Marie-noël,Sybry,gsybry3n@toplist.cz
Cécile,Daffern,ldaffern3o@wordpress.org
Lóng,Ackland,iackland3p@tinyurl.com
Thérèsa,Trudgeon,mtrudgeon3q@ycombinator.com
Wá,Maddams,cmaddams3r@jiathis.com
Léandre,Dickon,mdickon3s@newsvine.com
Inès,McClarence,mmcclarence3t@ucoz.com
Andréanne,Dearn,rdearn3u@paypal.com
Dorothée,Kolczynski,kkolczynski3v@altervista.org
Stévina,Gumary,agumary3w@cdbaby.com
Annotée,Paradyce,pparadyce3x@netscape.com
Dù,Ballin,rballin3y@blog.com
Gaétane,Shervil,lshervil3z@plala.or.jp
Kévina,Giametti,mgiametti40@apache.org
Dà,Oland,koland41@ameblo.jp
Mårten,Artin,vartin42@nbcnews.com
Marie-josée,Escoffrey,kescoffrey43@salon.com
Bérengère,Freeborn,pfreeborn44@feedburner.com
Marie-noël,Warrell,cwarrell45@statcounter.com
Dù,Shrubshall,dshrubshall46@redcross.org
Kévina,James,jjames47@weebly.com
Rachèle,Cartwright,acartwright48@mozilla.com
Stéphanie,Antonijevic,pantonijevic49@abc.net.au
Maëlann,Castelot,lcastelot4a@networksolutions.com
Célia,Moncreiffe,cmoncreiffe4b@imgur.com
Céline,Havick,chavick4c@macromedia.com
Miléna,Mattiessen,amattiessen4d@usda.gov
Valérie,Flawith,tflawith4e@independent.co.uk
Gwenaëlle,Gerson,bgerson4f@spotify.com
Léone,Hars,chars4g@examiner.com
Liè,Ruggen,cruggen4h@businessweek.com
Loïc,Sach,tsach4i@fastcompany.com
Audréanne,Robelin,probelin4j@buzzfeed.com
Céline,Awmack,cawmack4k@miitbeian.gov.cn
Noëlla,Stilldale,mstilldale4l@comsenz.com
Styrbjörn,Mountfort,fmountfort4m@ocn.ne.jp
Judicaël,MacCaughey,hmaccaughey4n@joomla.org
Mén,Ulrik,gulrik4o@yahoo.co.jp
Kuí,Shilvock,ashilvock4p@infoseek.co.jp
Börje,Jackalin,bjackalin4q@livejournal.com
Maïté,Sidebotton,hsidebotton4r@cbsnews.com
Göran,Peddie,mpeddie4s@google.com
Liè,Glasper,gglasper4t@admin.ch
Méline,Emlyn,cemlyn4u@amazon.de
Kuí,Blackstock,jblackstock4v@jimdo.com
Josée,Garett,mgarett4w@si.edu
Célia,McDoual,rmcdoual4x@about.me
Vérane,Slipper,aslipper4y@ow.ly
Stéphanie,Wilton,gwilton4z@va.gov
Maëlann,Benoi,abenoi50@yellowpages.com
Örjan,Matej,dmatej51@blog.com
Vénus,Priditt,rpriditt52@wired.com
Magdalène,Bellino,hbellino53@trellian.com
Véronique,Duquesnay,gduquesnay54@friendfeed.com
Daphnée,Secrett,xsecrett55@barnesandnoble.com
Léana,Wesson,gwesson56@networksolutions.com
Zoé,Penrith,lpenrith57@soup.io
Cléopatre,Vowells,dvowells58@archive.org
Océane,Jozsef,mjozsef59@usgs.gov
Céline,Harvey,mharvey5a@wufoo.com
Liè,Cokly,lcokly5b@jigsy.com
Adélaïde,Isoldi,lisoldi5c@java.com
Cinéma,Avramchik,aavramchik5d@va.gov
Intéressant,Lewnden,glewnden5e@dion.ne.jp
Adèle,Brayn,lbrayn5f@infoseek.co.jp
Marie-françoise,Betteney,lbetteney5g@tiny.cc
Loïs,Mansel,smansel5h@canalblog.com
Yú,Bloxsome,bbloxsome5i@miitbeian.gov.cn
Véronique,Affleck,jaffleck5j@xrea.com
Sòng,Rens,rrens5k@cyberchimps.com
Méghane,Marson,mmarson5l@printfriendly.com
Réservés,Trolley,ptrolley5m@dagondesign.com
Maïté,Villaron,dvillaron5n@sfgate.com
Mahélie,Gilliard,fgilliard5o@parallels.com
Lucrèce,Gierck,egierck5p@behance.net
Séverine,Toward,mtoward5q@issuu.com
Camélia,Dupoy,adupoy5r@howstuffworks.com
Maïlis,Godbert,jgodbert5s@topsy.com
Pò,Lidden,dlidden5t@adobe.com
Anaël,Mewett,vmewett5u@nasa.gov
Véronique,Bricknell,wbricknell5v@jugem.jp
Solène,Amorts,mamorts5w@geocities.com
Bécassine,Barefoot,jbarefoot5x@goo.ne.jp
Nélie,Gary,sgary5y@redcross.org
Céline,Maybery,tmaybery5z@nsw.gov.au
Véronique,Ager,cager60@acquirethisname.com
Estève,Baggallay,dbaggallay61@examiner.com
Yáo,Scoular,hscoular62@netlog.com
Lén,Crookshank,acrookshank63@home.pl
Maëlann,Lusher,klusher64@multiply.com
Ruì,Colecrough,lcolecrough65@vkontakte.ru
Méline,Cassey,rcassey66@ebay.com
Anaëlle,Alexsandrovich,talexsandrovich67@shop-pro.jp
Cécilia,Hickisson,nhickisson68@umich.edu
Noëlla,Zima,lzima69@harvard.edu
Léa,Dober,fdober6a@cargocollective.com
Tán,Diggles,ndiggles6b@merriam-webster.com
Léa,Cranham,tcranham6c@wikipedia.org
Méryl,Kynett,mkynett6d@sun.com
Cloé,Trask,atrask6e@wunderground.com
Loïca,Yurov,ayurov6f@yale.edu
Mà,Tohill,dtohill6g@wikimedia.org
Mårten,Mallabone,jmallabone6h@amazon.com
Annotés,Boncore,fboncore6i@msn.com
Athéna,Daltry,cdaltry6j@baidu.com
Irène,Bendan,kbendan6k@live.com
Torbjörn,Filchagin,jfilchagin6l@fastcompany.com
Lauréna,Thorington,mthorington6m@oaic.gov.au
Estève,Annes,lannes6n@dell.com
Anaïs,Mc Giffin,emcgiffin6o@mtv.com
Alizée,Wissbey,awissbey6p@ted.com
Salomé,Filan,sfilan6q@gizmodo.com
Maïté,Westraw,awestraw6r@imdb.com
Mélia,Zoren,tzoren6s@nhs.uk
Mahélie,Blomefield,cblomefield6t@live.com
Maïly,Skullet,mskullet6u@seesaa.net
Léandre,Flawith,cflawith6v@ftc.gov
Pò,McGhie,kmcghie6w@go.com
Mélanie,Wait,wwait6x@redcross.org
Rébecca,Cordeiro,ecordeiro6y@lulu.com
Océanne,Kleinlerer,mkleinlerer6z@blogs.com
Cléopatre,Paddle,dpaddle70@163.com
Marie-noël,Illesley,aillesley71@nydailynews.com
Tú,Kynforth,fkynforth72@hubpages.com
Véronique,MacCartan,cmaccartan73@deviantart.com
Märta,Youde,dyoude74@weather.com
Gaïa,Wedmore,dwedmore75@nps.gov
Agnès,Gellion,egellion76@odnoklassniki.ru
Jú,Loos,jloos77@patch.com
Andrée,Syfax,ssyfax78@google.ca
Mélina,Jeppe,ajeppe79@reference.com
Börje,Hann,bhann7a@yolasite.com
Solène,Wattisham,ywattisham7b@accuweather.com
Marie-josée,Robjohns,hrobjohns7c@blogtalkradio.com
Laïla,Petrasso,lpetrasso7d@rakuten.co.jp
Åke,Welbrock,hwelbrock7e@uiuc.edu
Uò,Vidgeon,bvidgeon7f@photobucket.com
Angélique,McElrea,cmcelrea7g@nymag.com
Yáo,Renak,zrenak7h@addthis.com
Kù,Viollet,cviollet7i@tiny.cc
Mélissandre,Selby,mselby7j@latimes.com
Lèi,Battaille,jbattaille7k@wikimedia.org
Mélys,Shevlan,rshevlan7l@example.com
Léa,Gillie,kgillie7m@nps.gov
Annotée,Isaksen,disaksen7n@amazonaws.com
Méng,Hartly,khartly7o@tripod.com
Néhémie,Adamiec,wadamiec7p@jalbum.net
Kù,Muck,kmuck7q@drupal.org
Lóng,Maggi,emaggi7r@twitter.com
André,Conochie,lconochie7s@ibm.com
Léane,Shaul,jshaul7t@accuweather.com
Mélia,Fearnehough,cfearnehough7u@netvibes.com
Thérèsa,Mully,jmully7v@prweb.com
Hélène,Tarzey,etarzey7w@instagram.com
Méghane,Giacobilio,lgiacobilio7x@washington.edu
Pål,Blackney,nblackney7y@timesonline.co.uk
Åsa,Rigmand,jrigmand7z@facebook.com
Tán,Scottini,bscottini80@skyrock.com
Mén,Winscomb,swinscomb81@yelp.com
Pélagie,Burnage,dburnage82@g.co
Göran,Aitkin,eaitkin83@google.com.hk
Dafnée,Errington,lerrington84@nhs.uk
Marie-françoise,Monger,tmonger85@smh.com.au
Léonore,Blenkhorn,bblenkhorn86@globo.com
Stévina,Heeran,oheeran87@studiopress.com
Célestine,Boldero,dboldero88@yale.edu
Geneviève,Guilayn,bguilayn89@hexun.com
Esbjörn,Balasin,sbalasin8a@flickr.com
Naéva,Van der Hoeven,tvanderhoeven8b@reverbnation.com
Lyséa,Joel,ejoel8c@google.cn
Börje,Sivess,jsivess8d@ycombinator.com
André,Colquete,scolquete8e@desdev.cn
Mà,Emmer,aemmer8f@cbc.ca
Josée,Wanklin,awanklin8g@blogger.com
Kuí,Hansell,shansell8h@fotki.com
Maëlann,Rydzynski,mrydzynski8i@sourceforge.net
Yè,Doerling,sdoerling8j@latimes.com
Andréanne,Goble,pgoble8k@chicagotribune.com
Cléa,Myott,cmyott8l@example.com
Nadège,Groundwater,tgroundwater8m@freewebs.com
Léone,Haselup,jhaselup8n@cocolog-nifty.com
Océane,Murkitt,rmurkitt8o@last.fm
Yóu,Hawney,bhawney8p@barnesandnoble.com
Clélia,O'Nolan,tonolan8q@rakuten.co.jp
Tú,Gilbane,bgilbane8r@virginia.edu
Océane,Wasbey,pwasbey8s@examiner.com
Anaëlle,Culley,cculley8t@plala.or.jp
Loïc,Blackaller,hblackaller8u@biglobe.ne.jp
Dorothée,Olliver,yolliver8v@nasa.gov
Desirée,de Clerq,rdeclerq8w@wordpress.com
Mégane,Spieck,mspieck8x@gizmodo.com
Marlène,Casaro,mcasaro8y@craigslist.org
Garçon,Hinkensen,bhinkensen8z@apache.org
Salomé,Olliff,solliff90@360.cn
Laïla,Dufty,cdufty91@yelp.com
Agnès,Bucknell,ubucknell92@lulu.com
Daphnée,Willan,rwillan93@epa.gov
Mélissandre,Behan,gbehan94@netvibes.com
Noémie,Widdowson,kwiddowson95@51.la
Bénédicte,Bapty,kbapty96@github.com
Yáo,Pickles,mpickles97@columbia.edu
Åke,Guyan,aguyan98@forbes.com
Edmée,Rabl,drabl99@com.com
Hélèna,Farrand,kfarrand9a@cpanel.net
Daphnée,Spillman,mspillman9b@pen.io
Léonie,Colquite,ncolquite9c@marriott.com
Vérane,Hassent,dhassent9d@weebly.com
Zoé,Donn,vdonn9e@wiley.com
Réjane,Keems,ckeems9f@miitbeian.gov.cn
Gaïa,Jent,gjent9g@wsj.com
Intéressant,Enos,genos9h@indiegogo.com
Agnès,Dunbobbin,jdunbobbin9i@nih.gov
Östen,Piddocke,opiddocke9j@miitbeian.gov.cn
Françoise,Attac,tattac9k@msu.edu
Intéressant,Slesser,rslesser9l@w3.org
Edmée,Lauritzen,slauritzen9m@ed.gov
Andréa,Dornan,mdornan9n@barnesandnoble.com
Mélissandre,Roubay,droubay9o@mozilla.org
Garçon,Latch,blatch9p@si.edu
Magdalène,Cullingford,ccullingford9q@ed.gov
Renée,Canty,gcanty9r@so-net.ne.jp
Chloé,Knowlden,dknowlden9s@cpanel.net
Clémentine,Attlee,battlee9t@qq.com
Cécilia,Pryn,spryn9u@slashdot.org
Uò,Chartman,jchartman9v@rakuten.co.jp
Almérinda,Howerd,khowerd9w@yelp.com
Stéphanie,Mingus,smingus9x@ibm.com
Nélie,Landall,flandall9y@cnbc.com
Géraldine,Tomkiss,dtomkiss9z@harvard.edu
Judicaël,Watchorn,cwatchorna0@hud.gov
Frédérique,Tremolieres,stremolieresa1@reference.com
Esbjörn,Yerrall,cyerralla2@hc360.com
Clémentine,Birkbeck,gbirkbecka3@state.tx.us
Chloé,Griniov,rgriniova4@buzzfeed.com
Esbjörn,Maps,nmapsa5@taobao.com
Félicie,Hamlyn,ghamlyna6@ox.ac.uk
Stéphanie,Grinyer,jgrinyera7@zdnet.com
Judicaël,Boddice,mboddicea8@webnode.com
Andréa,Wattingham,bwattinghama9@umich.edu
Publicité,Siggery,esiggeryaa@mashable.com
Céline,Stobbes,astobbesab@ibm.com
Léana,Hutten,dhuttenac@miitbeian.gov.cn
Maëly,Byng,mbyngad@spotify.com
Océanne,Piris,cpirisae@hatena.ne.jp
Marylène,Prendergrast,kprendergrastaf@hexun.com
Pélagie,MacNeilley,mmacneilleyag@dot.gov
Séréna,Lysaght,ilysaghtah@nymag.com
Léonore,Baccus,ibaccusai@rambler.ru
Faîtes,Elbourn,lelbournaj@wikispaces.com
Aí,Baudry,cbaudryak@wikia.com
Danièle,Reinhard,greinhardal@google.com.hk
Angèle,Constant,bconstantam@elpais.com
Yáo,Huot,whuotan@theguardian.com
Néhémie,Petr,bpetrao@wp.com
Liè,Clementucci,sclementucciap@walmart.com
Fèi,Housecroft,fhousecroftaq@bing.com
Athéna,Schruur,cschruurar@youku.com
Andréanne,Waplington,awaplingtonas@vk.com
Örjan,Quinevan,jquinevanat@google.it
Judicaël,Puckett,bpuckettau@ed.gov
Pénélope,Wilmington,pwilmingtonav@cnbc.com
Yénora,Malkie,mmalkieaw@reverbnation.com
Marlène,Volonte,rvolonteax@sbwire.com
Méline,Spatarul,cspatarulay@goodreads.com
Ruì,O'Sesnane,dosesnaneaz@slashdot.org
Mélia,Janosevic,bjanosevicb0@google.de
Valérie,Duggen,sduggenb1@youku.com
Uò,Gilham,wgilhamb2@abc.net.au
Noëlla,Gauson,pgausonb3@nhs.uk
Maëlle,Woodland,dwoodlandb4@lycos.com
Médiamass,Rozanski,crozanskib5@geocities.com
Gwenaëlle,Bucham,hbuchamb6@photobucket.com
Rachèle,Duprey,gdupreyb7@4shared.com
Cloé,Verick,mverickb8@bing.com
Nélie,Elner,gelnerb9@live.com
André,Massenhove,amassenhoveba@last.fm
Béatrice,Sissens,msissensbb@geocities.com
Sòng,Rounsivall,mrounsivallbc@shop-pro.jp
Géraldine,Episcopi,fepiscopibd@home.pl
Cunégonde,Baxstare,jbaxstarebe@tmall.com
Lóng,Hallibone,shallibonebf@themeforest.net
Göran,Giacubo,mgiacubobg@flickr.com
Mårten,Ollander,gollanderbh@boston.com
Hélèna,Derricoat,iderricoatbi@miibeian.gov.cn
Anaé,Doe,gdoebj@shareasale.com
Miléna,Elener,aelenerbk@qq.com
Bénédicte,Jevon,sjevonbl@1und1.de
Naëlle,Flegg,gfleggbm@admin.ch
Loïs,Wotton,dwottonbn@noaa.gov
Eugénie,Howarth,jhowarthbo@nsw.gov.au
Geneviève,Birdsall,hbirdsallbp@google.com.au
Marlène,Ingilson,pingilsonbq@123-reg.co.uk
Mélina,Govinlock,agovinlockbr@cdc.gov
Tú,Diplock,hdiplockbs@sphinn.com
Pénélope,Gilbertson,wgilbertsonbt@quantcast.com
Personnalisée,Peskin,lpeskinbu@imageshack.us
Lén,Best,gbestbv@taobao.com
Maëline,Paula,apaulabw@nhs.uk
Athéna,Pidgin,tpidginbx@vistaprint.com
Torbjörn,Barnshaw,sbarnshawby@businessweek.com
Simplifiés,Lux,mluxbz@reddit.com
Maïly,Karslake,wkarslakec0@usatoday.com
Solène,Crigin,ecriginc1@phpbb.com
Marie-noël,Golds,fgoldsc2@booking.com
Pénélope,Gething,agethingc3@tinyurl.com
Cécilia,Georgescu,pgeorgescuc4@dot.gov
Cécile,Dmitrichenko,jdmitrichenkoc5@yolasite.com
Cléopatre,Garrood,pgarroodc6@shop-pro.jp
Maëline,Soper,lsoperc7@flickr.com
Åsa,Brownlee,dbrownleec8@domainmarket.com
Salomé,Mingus,mmingusc9@dailymail.co.uk
Loïc,Flannigan,sflanniganca@wiley.com
Lorène,Marfell,amarfellcb@umich.edu
Mélia,Lancashire,clancashirecc@geocities.com
Lauréna,Novakovic,mnovakoviccd@amazon.co.jp
Léa,Timpany,vtimpanyce@japanpost.jp
Danièle,Szwandt,mszwandtcf@shutterfly.com
Andréa,Fortman,afortmancg@pbs.org
Marie-noël,Farrey,efarreych@google.ru
Pénélope,Paxforde,dpaxfordeci@nsw.gov.au
Håkan,Aucott,vaucottcj@dell.com
Léandre,Beatty,mbeattyck@stumbleupon.com
Noémie,Rosenthal,hrosenthalcl@nytimes.com
Dafnée,Patrono,epatronocm@fastcompany.com
Miléna,Baldock,jbaldockcn@dyndns.org
Andréanne,Ratcliff,nratcliffco@toplist.cz
Rachèle,Estoile,kestoilecp@boston.com
Mélodie,Crowest,ccrowestcq@java.com
Stévina,Swepson,kswepsoncr@google.co.jp
Noëlla,Loren,jlorencs@exblog.jp
Michèle,Quilter,tquilterct@yelp.com
Gösta,Jeeks,ljeekscu@gnu.org
Thérèse,Bownass,hbownasscv@sun.com
Åsa,Sauven,rsauvencw@moonfruit.com
Célia,Duckworth,lduckworthcx@whitehouse.gov
Léane,Caselli,gcasellicy@is.gd
Björn,Winch,swinchcz@csmonitor.com
Yú,Reeman,treemand0@wired.com
Mélinda,Riddock,sriddockd1@ed.gov
Pò,Kittman,nkittmand2@npr.org
Léonore,Drinnan,kdrinnand3@irs.gov
Inès,Tuckley,gtuckleyd4@weibo.com
Michèle,Ginie,hginied5@storify.com
Léana,Rosencwaig,frosencwaigd6@theguardian.com
Bérengère,Cottham,ccotthamd7@posterous.com
Åslög,Teissier,mteissierd8@theatlantic.com
Åke,Peschka,npeschkad9@ucoz.ru
Sélène,McCrillis,cmccrillisda@blogspot.com
Estève,Kyne,ckynedb@google.com
Angèle,Crighten,lcrightendc@hexun.com
Marie-ève,Madelin,emadelindd@redcross.org
Amélie,Sayer,tsayerde@i2i.jp
Célia,Frostick,rfrostickdf@123-reg.co.uk
Ophélie,Ranger,grangerdg@networksolutions.com
Yénora,Hutchison,ahutchisondh@livejournal.com
Anaëlle,Zanelli,pzanellidi@liveinternet.ru
Marie-ève,Ambrosch,hambroschdj@fotki.com
Méghane,Matic,bmaticdk@irs.gov
Vérane,Whitta,ewhittadl@amazon.co.uk
Intéressant,Dodell,adodelldm@samsung.com
Ruò,Wildin,fwildindn@rediff.com
Réservés,McGinlay,mmcginlaydo@sphinn.com
Gösta,Ruben,jrubendp@pen.io
Fèi,Scrivner,dscrivnerdq@netlog.com
Clélia,Donisthorpe,ddonisthorpedr@printfriendly.com
Inès,Earngy,dearngyds@eventbrite.com
Ruì,Friend,rfrienddt@chronoengine.com
Esbjörn,Avramchik,aavramchikdu@wordpress.com
Méline,Sobieski,rsobieskidv@seesaa.net
Marie-ève,Riddick,triddickdw@nasa.gov
Salomé,Offiler,loffilerdx@edublogs.org
Åsa,Wilshere,ewilsheredy@wordpress.org
Néhémie,Eytel,beyteldz@sogou.com
Eugénie,Hearthfield,nhearthfielde0@mediafire.com
Célestine,Tailby,ptailbye1@google.com.hk
Mén,Morl,hmorle2@wordpress.com
Gérald,Matuschek,amatuscheke3@dropbox.com
Pélagie,Gettens,cgettense4@ow.ly
Inès,Rawood,irawoode5@pagesperso-orange.fr
Alizée,Brenton,mbrentone6@hibu.com
Styrbjörn,Wooland,kwoolande7@telegraph.co.uk
Cléa,Sapwell,gsapwelle8@google.fr
Clémence,Herrieven,pherrievene9@vkontakte.ru
Aloïs,Sergean,nsergeanea@cloudflare.com
Mégane,Prati,ppratieb@twitter.com
Esbjörn,Cromwell,jcromwellec@altervista.org
Cloé,McNair,bmcnaired@mozilla.org
Chloé,Trussler,ctrussleree@go.com
Réservés,Jarvie,ajarvieef@quantcast.com
Zoé,Levesque,mlevesqueeg@blogger.com
Marie-josée,Marnane,bmarnaneeh@telegraph.co.uk
Chloé,Hutable,ahutableei@amazon.co.jp
Hélène,Cerro,wcerroej@sogou.com
Ruì,McQuilliam,smcquilliamek@europa.eu
Irène,Minget,amingetel@skype.com
Estève,Siddon,esiddonem@amazon.co.jp
Géraldine,Emby,bembyen@geocities.jp
Lài,Dudny,jdudnyeo@zdnet.com
Cinéma,Lenox,jlenoxep@wordpress.org
Lyséa,Saint,hsainteq@ustream.tv
Michèle,Danielian,ddanielianer@discovery.com
Esbjörn,Ruzicka,cruzickaes@ca.gov
Méline,Diamond,ndiamondet@spiegel.de
Tú,McCathay,cmccathayeu@domainmarket.com
Cunégonde,Glassford,cglassfordev@cloudflare.com
Noémie,Deakins,qdeakinsew@typepad.com
Maïté,Chipping,wchippingex@reuters.com
Irène,Currm,acurrmey@facebook.com
Audréanne,Dearle,mdearleez@google.de
Maéna,Stollberg,sstollbergf0@nifty.com
Audréanne,Long,elongf1@pinterest.com
Anaïs,Gheorghescu,ygheorghescuf2@oakley.com
Clélia,McClymond,hmcclymondf3@yale.edu
Dafnée,Sidaway,jsidawayf4@loc.gov
Lauréna,Abdon,tabdonf5@gmpg.org
Frédérique,Velareal,bvelarealf6@de.vu
Marie-noël,Sergison,psergisonf7@gov.uk
Erwéi,Lucken,kluckenf8@sciencedaily.com
Annotés,Chisholme,jchisholmef9@cornell.edu
Magdalène,Petre,bpetrefa@ow.ly
Célia,Tatteshall,mtatteshallfb@seattletimes.com
Valérie,Dennert,rdennertfc@live.com
Ruì,Rollitt,srollittfd@amazon.co.jp
Lén,Jeanon,sjeanonfe@skyrock.com
Amélie,Chatain,gchatainff@hubpages.com
Lóng,Arnoll,aarnollfg@cornell.edu
Mégane,O'Dougherty,aodoughertyfh@vk.com
Mà,Ribchester,sribchesterfi@mediafire.com
Miléna,Fobidge,dfobidgefj@blogtalkradio.com
Daphnée,Shewry,eshewryfk@google.com.au
Maï,Elsby,jelsbyfl@histats.com
Léone,Strut,cstrutfm@homestead.com
Publicité,Stovine,bstovinefn@a8.net
Crééz,Mushet,smushetfo@cocolog-nifty.com
André,Coddrington,gcoddringtonfp@yandex.ru
Cécile,D'Oyly,kdoylyfq@g.co
Gwenaëlle,Spary,rsparyfr@apple.com
Maëly,Valentine,bvalentinefs@deviantart.com
Gaétane,Smallpiece,jsmallpieceft@artisteer.com
Stévina,Netherclift,anethercliftfu@foxnews.com
Irène,Webling,cweblingfv@storify.com
Zoé,Germon,mgermonfw@reddit.com
Marylène,Pitkethly,mpitkethlyfx@wikispaces.com
Miléna,Conlon,cconlonfy@apache.org
Lài,Palfreyman,fpalfreymanfz@house.gov
Göran,Scogin,kscoging0@g.co
Maïwenn,Tupper,atupperg1@ustream.tv
Méng,Lahrs,flahrsg2@scribd.com
Océanne,Woollett,swoollettg3@sun.com
Salomé,Fache,lfacheg4@ted.com
Marylène,Wylder,mwylderg5@linkedin.com
Maëly,Padly,apadlyg6@samsung.com
Béatrice,Bungey,rbungeyg7@epa.gov
Jú,Kunzelmann,bkunzelmanng8@hao123.com
Bénédicte,Shawdforth,fshawdforthg9@google.cn
Marie-hélène,Middell,wmiddellga@imdb.com
Mégane,Pawel,opawelgb@prlog.org
Sélène,Livett,flivettgc@odnoklassniki.ru
Publicité,Runacres,rrunacresgd@apache.org
Yáo,Shilling,wshillingge@desdev.cn
Méryl,Arkin,earkingf@cpanel.net
Célia,Spehr,pspehrgg@unc.edu
Maïté,O'Feeny,aofeenygh@webmd.com
Yénora,Reece,creecegi@jiathis.com
Andréa,Maty,hmatygj@wsj.com
Agnès,Mulcahy,umulcahygk@shop-pro.jp
Sélène,Draycott,mdraycottgl@globo.com
Mélys,Badland,hbadlandgm@woothemes.com
Estève,Gregory,egregorygn@ycombinator.com
Aloïs,Dandie,cdandiego@weibo.com
Kù,Claxton,gclaxtongp@salon.com
Eloïse,Robbins,brobbinsgq@twitpic.com
Miléna,Broadis,mbroadisgr@bbb.org
Mà,Flatt,bflattgs@cornell.edu
Mårten,Pottle,jpottlegt@diigo.com
Gwenaëlle,Sharphurst,osharphurstgu@ca.gov
Åke,Bodley,abodleygv@altervista.org
Aurélie,Peakman,opeakmangw@state.gov
Naëlle,Wherrit,bwherritgx@europa.eu
Sòng,Jiruch,gjiruchgy@irs.gov
Maïlys,Braganza,nbraganzagz@cnn.com
Angélique,Ever,weverh0@ask.com
Mà,Connor,sconnorh1@ocn.ne.jp
Mélinda,Frankham,sfrankhamh2@wp.com
Maïly,Locock,ylocockh3@independent.co.uk
Andréanne,McWaters,lmcwatersh4@jiathis.com
Noémie,Callington,ccallingtonh5@addthis.com
Maïlys,Ferrao,aferraoh6@t-online.de
Tán,Ridett,aridetth7@hugedomains.com
Lóng,Mapis,mmapish8@jugem.jp
Esbjörn,Watsam,hwatsamh9@marketwatch.com
Noëlla,Witter,ywitterha@diigo.com
Börje,Dies,cdieshb@meetup.com
Amélie,Lovett,slovetthc@hostgator.com
Camélia,Drewett,ldrewetthd@paginegialle.it
Séréna,Altamirano,baltamiranohe@google.de
Adélie,Light,zlighthf@drupal.org
Ophélie,Edelston,bedelstonhg@blinklist.com
Anaé,Eite,neitehh@dmoz.org
Mélinda,Conrad,tconradhi@wikispaces.com
Inès,Petrolli,npetrollihj@wikimedia.org
Léane,Demangeon,gdemangeonhk@wufoo.com
Séverine,McMurty,imcmurtyhl@ucoz.ru
Bénédicte,Oleksiak,soleksiakhm@sakura.ne.jp
Renée,Berthon,bberthonhn@google.com
Vérane,Laver,mlaverho@youtube.com
Crééz,Bigham,rbighamhp@seattletimes.com
Valérie,Beincken,ibeinckenhq@theguardian.com
Noémie,Swalwel,gswalwelhr@drupal.org
Pélagie,De Bruijne,bdebruijnehs@msu.edu
Bénédicte,Raccio,draccioht@goo.gl
Mylène,Bisset,jbissethu@forbes.com
Lóng,Simison,zsimisonhv@hhs.gov
Frédérique,Mosedall,amosedallhw@google.de
Åsa,Moakler,smoaklerhx@ibm.com
Intéressant,Tampin,ktampinhy@ycombinator.com
Göran,MacMichael,jmacmichaelhz@homestead.com
Åsa,Crebott,dcrebotti0@woothemes.com
Alizée,Franzonetti,jfranzonettii1@spiegel.de
Zoé,Miskin,amiskini2@ycombinator.com
Hélèna,Ruilton,kruiltoni3@goo.gl
Táng,Boynes,kboynesi4@yahoo.com
Yénora,Peacham,cpeachami5@loc.gov
Inès,Flinders,aflindersi6@tinypic.com
Vénus,Corston,scorstoni7@google.com.au
Pål,Gini,dginii8@google.com.au
Vénus,Reubel,treubeli9@free.fr
Marlène,Bockings,jbockingsia@networksolutions.com
Styrbjörn,Brigstock,hbrigstockib@prlog.org
Méghane,Cuddon,acuddonic@weebly.com
Adélie,Caro,jcaroid@gnu.org
Amélie,Lias,cliasie@patch.com
Célestine,Boxe,cboxeif@ibm.com
Angélique,Concannon,sconcannonig@java.com
Mélys,Hamblyn,jhamblynih@tinyurl.com
Léane,Eardley,deardleyii@myspace.com
Athéna,Bondley,dbondleyij@sitemeter.com
Léana,Claiden,mclaidenik@bing.com
Sélène,Houldey,ohouldeyil@ehow.com
Danièle,Joust,ojoustim@naver.com
Mélia,Bertl,rbertlin@instagram.com
Maïwenn,Waycott,vwaycottio@newyorker.com
Adélaïde,Walhedd,awalheddip@paginegialle.it
Irène,Wistance,cwistanceiq@europa.eu
Aí,Emanson,semansonir@craigslist.org
Edmée,Cliffe,ccliffeis@live.com
Mylène,Bart,ebartit@zimbio.com
Bérangère,Ibotson,fibotsoniu@desdev.cn
Lorène,Cayser,kcayseriv@purevolume.com
Léa,Herrero,bherreroiw@fda.gov
Léa,Urch,purchix@alibaba.com
Eloïse,Tarbard,ntarbardiy@youtube.com
Adélaïde,Duer,ddueriz@seattletimes.com
Régine,Hearsum,shearsumj0@nps.gov
Amélie,Dayly,tdaylyj1@msu.edu
Angélique,Bavage,cbavagej2@privacy.gov.au
Thérèse,Rummer,arummerj3@a8.net
Maëlys,Vinson,cvinsonj4@harvard.edu
Thérèse,Fludder,efludderj5@rambler.ru
Amélie,Wilbore,fwilborej6@networkadvertising.org
Hélèna,L'Hommeau,rlhommeauj7@tinypic.com
Wá,Blackborn,gblackbornj8@ebay.co.uk
Anaïs,Blasiak,tblasiakj9@weebly.com
Léandre,Orrey,sorreyja@behance.net
Personnalisée,O'Farrell,eofarrelljb@artisteer.com
Tán,Fluit,jfluitjc@github.com
Eugénie,Bakhrushin,hbakhrushinjd@printfriendly.com
Maëly,Kittoe,bkittoeje@house.gov
Eléa,Littlekit,clittlekitjf@symantec.com
Andréanne,Claiton,mclaitonjg@drupal.org
Lóng,Croall,scroalljh@friendfeed.com
Mahélie,McClements,amcclementsji@unesco.org
Magdalène,Bedle,cbedlejj@buzzfeed.com
Hélèna,Stott,nstottjk@histats.com
Maïly,Hoolaghan,shoolaghanjl@discovery.com
Marie-françoise,Defraine,hdefrainejm@booking.com
Adèle,Beet,ebeetjn@istockphoto.com
Zoé,Woodnutt,swoodnuttjo@samsung.com
Adèle,Seear,wseearjp@admin.ch
Chloé,Whittenbury,cwhittenburyjq@msn.com
Irène,Gowen,hgowenjr@digg.com
Lóng,Goldney,zgoldneyjs@usatoday.com
Fèi,Derwin,rderwinjt@wordpress.com
Lài,Douse,adouseju@loc.gov
Sòng,Pawling,dpawlingjv@va.gov
Adèle,Hundey,chundeyjw@icio.us
Annotés,Mahody,fmahodyjx@tinypic.com
Marie-thérèse,Kennington,rkenningtonjy@miitbeian.gov.cn
Marlène,Jest,hjestjz@chronoengine.com
Pò,Pringuer,upringuerk0@bravesites.com
Angèle,Ketch,bketchk1@cnet.com
Dafnée,Tregenza,mtregenzak2@eepurl.com
Maïly,Danovich,hdanovichk3@dell.com
Félicie,Woolhouse,mwoolhousek4@ifeng.com
Laurélie,Bridgeland,dbridgelandk5@wix.com
Geneviève,Sissot,csissotk6@berkeley.edu
Vénus,Pessler,ipesslerk7@sakura.ne.jp
Maïté,Gulk,cgulkk8@state.gov
Gaïa,Gutsell,fgutsellk9@ocn.ne.jp
Mårten,McIlenna,dmcilennaka@unesco.org
Örjan,Siviter,bsiviterkb@ebay.com
Maëlle,Udale,nudalekc@php.net
Almérinda,Dominguez,kdominguezkd@google.com.br
Maëlys,Pala,dpalake@toplist.cz
Aimée,Yateman,dyatemankf@unesco.org
Yú,Playle,wplaylekg@technorati.com
Daphnée,Van den Bosch,rvandenboschkh@ovh.net
Maïlis,Broomer,mbroomerki@usgs.gov
Lén,Weaver,cweaverkj@webeden.co.uk
Méline,Gersam,lgersamkk@nih.gov
Garçon,Huyhton,khuyhtonkl@jimdo.com
Göran,Camden,ecamdenkm@cyberchimps.com
Lucrèce,Mowle,lmowlekn@statcounter.com
Cléa,Easman,reasmanko@trellian.com
Clélia,Balog,mbalogkp@google.es
Solène,Varlow,rvarlowkq@jigsy.com
Loïca,Trett,otrettkr@dedecms.com
Miléna,Lehr,ulehrks@who.int
Mélia,Livzey,slivzeykt@rediff.com
Göran,Dwerryhouse,edwerryhouseku@chicagotribune.com
Maïté,Yurchishin,jyurchishinkv@alibaba.com
Estève,Bestman,ebestmankw@nih.gov
Mélia,Geaves,cgeaveskx@reverbnation.com
Mélanie,Heild,oheildky@va.gov
Marie-josée,Glaisner,eglaisnerkz@about.me
Lucrèce,Waddilow,wwaddilowl0@over-blog.com
Bécassine,Tobin,ltobinl1@sitemeter.com
Maéna,Trotman,atrotmanl2@admin.ch
Torbjörn,Fance,gfancel3@rediff.com
Mélys,Taylot,itaylotl4@squidoo.com
Zhì,Bragge,kbraggel5@constantcontact.com
Camélia,Murphy,gmurphyl6@mit.edu
Célia,Beverstock,tbeverstockl7@cnbc.com
Lóng,Ranvoise,kranvoisel8@examiner.com
Aurélie,Cavalier,ecavalierl9@sun.com
Gérald,Pankhurst.,vpankhurstla@illinois.edu
Renée,Ewens,newenslb@thetimes.co.uk
Anaé,Croote,hcrootelc@theglobeandmail.com
Véronique,Crocetto,rcrocettold@last.fm
Stéphanie,Swash,cswashle@ehow.com
Rébecca,Baleine,rbaleinelf@alibaba.com
Mylène,Morgan,amorganlg@hp.com
Naéva,Moralee,amoraleelh@geocities.com
Adélie,Piggen,vpiggenli@is.gd
Edmée,Alderson,raldersonlj@time.com
Clélia,Howselee,mhowseleelk@amazon.co.jp
Marie-françoise,Etoile,netoilell@noaa.gov
Bérangère,Soppit,ksoppitlm@sfgate.com
Maëlann,Labuschagne,glabuschagneln@seattletimes.com
Torbjörn,Darley,cdarleylo@i2i.jp
Styrbjörn,Minchinton,tminchintonlp@technorati.com
Irène,Hovie,rhovielq@noaa.gov
Dù,Brooker,rbrookerlr@xinhuanet.com
Erwéi,Wiltshear,pwiltshearls@yahoo.co.jp
Amélie,Blackway,tblackwaylt@dailymail.co.uk
Mélinda,Deesly,jdeeslylu@wired.com
Clémentine,Basilio,lbasiliolv@prnewswire.com
Eléonore,Mines,amineslw@multiply.com
Judicaël,Gartin,mgartinlx@about.com
Sélène,Fullilove,bfullilovely@omniture.com
Eloïse,Gloucester,bgloucesterlz@csmonitor.com
Bécassine,Verring,iverringm0@hhs.gov
Sélène,Josephsen,kjosephsenm1@salon.com
Cloé,Bucksey,jbuckseym2@whitehouse.gov
Célestine,Lissimore,jlissimorem3@icio.us
Måns,Dimitresco,rdimitrescom4@alibaba.com
Esbjörn,Snoxell,msnoxellm5@diigo.com
Inès,Mattevi,fmattevim6@technorati.com
Gisèle,Lafford,plaffordm7@netscape.com
Kù,Tschierasche,itschieraschem8@cam.ac.uk
Mà,Burkitt,kburkittm9@mediafire.com
Léa,Oxe,koxema@imageshack.us
Geneviève,Bamblett,gbamblettmb@yellowbook.com
Miléna,Hawick,jhawickmc@reuters.com
Méryl,Lamblin,hlamblinmd@fc2.com
Zhì,Beeble,fbeebleme@vinaora.com
Eliès,Tweede,btweedemf@fastcompany.com
Gaëlle,Furphy,cfurphymg@ezinearticles.com
Réservés,Benninck,bbenninckmh@cloudflare.com
Angèle,Healeas,jhealeasmi@usa.gov
Adélie,McLardie,nmclardiemj@mozilla.org
Lèi,Ninnotti,aninnottimk@dmoz.org
Ruì,Beresfore,lberesforeml@utexas.edu
Thérèse,Chivers,jchiversmm@ocn.ne.jp
Loïs,Newart,mnewartmn@jalbum.net
Agnès,O'Shea,aosheamo@illinois.edu
Lauréna,Colerick,gcolerickmp@google.com.br
Anaé,Lyokhin,alyokhinmq@prnewswire.com
Méryl,Huglin,rhuglinmr@mozilla.org
Yáo,Kytter,mkytterms@biglobe.ne.jp
Adèle,Ackroyd,mackroydmt@tuttocitta.it
Thérèse,Ower,dowermu@freewebs.com
Frédérique,Simonutti,asimonuttimv@cafepress.com
Aí,Mirando,mmirandomw@washingtonpost.com
Sòng,Mazillius,emazilliusmx@a8.net
Aí,Burlay,kburlaymy@theatlantic.com
Clélia,Buttress,obuttressmz@acquirethisname.com
Amélie,Bines,abinesn0@edublogs.org
Åsa,Merryweather,fmerryweathern1@sciencedaily.com
Béatrice,Donaher,cdonahern2@sun.com
Mélina,Pavlik,cpavlikn3@dailymotion.com
Björn,Kliemchen,okliemchenn4@google.cn
Célia,Bolingbroke,rbolingbroken5@usa.gov
Gaétane,Barnewall,abarnewalln6@list-manage.com
Bérangère,Freake,bfreaken7@dagondesign.com
Cléa,Dyte,adyten8@ehow.com
Océanne,Follett,rfollettn9@ca.gov
Naéva,Ulyat,bulyatna@cnn.com
Eugénie,Broxis,dbroxisnb@latimes.com
Tú,Pierton,ypiertonnc@admin.ch
Aí,Domoney,rdomoneynd@java.com
Aurélie,Cudihy,kcudihyne@godaddy.com
Miléna,Lancashire,plancashirenf@bbb.org
Cloé,Nicholas,dnicholasng@oakley.com
Mélina,Adair,gadairnh@tripod.com
Mahélie,Barnwall,ebarnwallni@angelfire.com
Naëlle,Blaxeland,sblaxelandnj@slate.com
Yáo,Collacombe,pcollacombenk@microsoft.com
Bécassine,Clac,oclacnl@51.la
Yè,Witsey,gwitseynm@godaddy.com
Personnalisée,Simonson,csimonsonnn@gravatar.com
Danièle,Le Cornu,dlecornuno@bandcamp.com
Marie-françoise,Sokale,esokalenp@house.gov
Lyséa,Oki,vokinq@imageshack.us
Athéna,Bonifas,abonifasnr@ameblo.jp
Marie-ève,Pluck,epluckns@tumblr.com
Intéressant,MacKowle,lmackowlent@examiner.com
Märta,Tunnoch,ptunnochnu@illinois.edu
Nuó,Pyrton,mpyrtonnv@odnoklassniki.ru
Annotée,Lippingwell,mlippingwellnw@ustream.tv
Léane,Lobbe,llobbenx@privacy.gov.au
Irène,Winham,vwinhamny@1688.com
Josée,Harborow,gharborownz@senate.gov
Jú,Filkov,tfilkovo0@themeforest.net
Dorothée,Ayce,bayceo1@archive.org
Mélia,Swinburne,jswinburneo2@bluehost.com
Françoise,Trevaskiss,ctrevaskisso3@google.co.uk
Béatrice,Nyssen,anysseno4@gov.uk
Françoise,Balfre,kbalfreo5@state.gov
Maéna,Wellbeloved,wwellbelovedo6@posterous.com
Gérald,Stancer,mstancero7@timesonline.co.uk
Félicie,Huton,jhutono8@parallels.com
Tú,Shoute,ashouteo9@ezinearticles.com
Sélène,Quiddihy,lquiddihyoa@bloglines.com
Torbjörn,Fillon,hfillonob@1688.com
Jú,Brooksby,abrooksbyoc@vimeo.com
Nélie,Mingaye,nmingayeod@myspace.com
Méryl,Volks,mvolksoe@tripadvisor.com
Athéna,Kiely,ckielyof@digg.com
Örjan,Bolderoe,lbolderoeog@flavors.me
Léana,Baude,jbaudeoh@cnn.com
Mylène,O' Loughran,doloughranoi@livejournal.com
Eloïse,Marris,jmarrisoj@thetimes.co.uk
Mélys,Crippell,mcrippellok@google.nl
Nadège,Seeking,sseekingol@spiegel.de
André,Schutter,ischutterom@com.com
Magdalène,Sell,osellon@home.pl
Eugénie,Bows,kbowsoo@taobao.com
Ophélie,Barhims,fbarhimsop@loc.gov
Anaëlle,List,hlistoq@odnoklassniki.ru
Stéphanie,Gorce,jgorceor@cbslocal.com
Geneviève,McWilliams,imcwilliamsos@ovh.net
Táng,Janny,jjannyot@yellowpages.com
Hélèna,Earwicker,mearwickerou@imgur.com
Andrée,Thorogood,cthorogoodov@java.com
Valérie,Jack,ljackow@oaic.gov.au
Mélissandre,Newhouse,lnewhouseox@washington.edu
Yáo,Dumphy,fdumphyoy@msu.edu
Adèle,Durtnall,ddurtnalloz@about.com
Angélique,Bryenton,dbryentonp0@paypal.com
Almérinda,Abendroth,dabendrothp1@washingtonpost.com
Félicie,Southam,asouthamp2@gmpg.org
Åsa,Cruise,tcruisep3@wikipedia.org
André,Isbell,cisbellp4@shareasale.com
Marie-thérèse,Pitchford,wpitchfordp5@artisteer.com
Lén,Leall,cleallp6@ihg.com
Publicité,Barrasse,ebarrassep7@wikimedia.org
Adélaïde,Norgan,ynorganp8@narod.ru
Salomé,Ruddy,kruddyp9@delicious.com
Ráo,Frichley,sfrichleypa@arizona.edu
Audréanne,Andrewartha,randrewarthapb@bloglines.com
Kallisté,Melmeth,jmelmethpc@aboutads.info
Sòng,Tudball,atudballpd@scientificamerican.com
Åsa,Losseljong,blosseljongpe@technorati.com
Léonie,Dowden,rdowdenpf@amazon.com
Bécassine,Yakobovicz,iyakoboviczpg@unicef.org
Miléna,Luckings,bluckingsph@thetimes.co.uk
Börje,Densumbe,jdensumbepi@nhs.uk
Börje,Gery,agerypj@yolasite.com
Rachèle,Elsmore,welsmorepk@berkeley.edu
Rébecca,MacInherney,wmacinherneypl@bandcamp.com
Marie-ève,Branchet,bbranchetpm@sohu.com
Håkan,Mahy,dmahypn@pcworld.com
Bécassine,Ditter,editterpo@craigslist.org
André,Kleen,ikleenpp@nhs.uk
Audréanne,Bartolomeotti,kbartolomeottipq@eepurl.com
Médiamass,Thinn,ethinnpr@homestead.com
Maëly,Rowen,jrowenps@ft.com
Mélinda,Studd,kstuddpt@cnet.com
Torbjörn,Salzburg,hsalzburgpu@webmd.com
Léane,Wibberley,gwibberleypv@google.cn
Michèle,Rosberg,erosbergpw@youku.com
Zoé,Sappy,ssappypx@live.com
Maéna,Giacoppo,cgiacoppopy@cisco.com
Wá,Tritton,gtrittonpz@nature.com
Régine,Caudrelier,ncaudrelierq0@independent.co.uk
Pò,Comerford,dcomerfordq1@is.gd
Maéna,Leacy,mleacyq2@so-net.ne.jp
Stéphanie,Landrean,tlandreanq3@fastcompany.com
Thérèse,McKniely,tmcknielyq4@kickstarter.com
Marlène,Dinning,pdinningq5@yellowbook.com
Maëly,Cliffe,mcliffeq6@statcounter.com
Régine,Ethelstone,lethelstoneq7@wikipedia.org
Clémentine,Velde,mveldeq8@g.co
Méryl,Chardin,bchardinq9@upenn.edu
Camélia,Ifill,yifillqa@livejournal.com
Thérèsa,Towersey,ntowerseyqb@diigo.com
Méryl,Wimmers,bwimmersqc@mac.com
Styrbjörn,Beardsell,nbeardsellqd@com.com
Måns,Toseland,atoselandqe@mit.edu
Mårten,Andreazzi,tandreazziqf@altervista.org
Kallisté,Cussons,ecussonsqg@cyberchimps.com
Josée,Setterthwait,msetterthwaitqh@kickstarter.com
Anaëlle,Diego,ddiegoqi@illinois.edu
Noëlla,Brayshay,rbrayshayqj@artisteer.com
Loïca,Hundall,yhundallqk@weather.com
Märta,McFayden,kmcfaydenql@yale.edu
Frédérique,Sheriff,nsheriffqm@addthis.com
Eléa,Raoux,draouxqn@nhs.uk
Marie-ève,Croydon,kcroydonqo@sitemeter.com
Marylène,Sibthorp,gsibthorpqp@kickstarter.com
Styrbjörn,Clampe,rclampeqq@wikimedia.org
Inès,Swire,qswireqr@tamu.edu
Aloïs,D'Angeli,ddangeliqs@telegraph.co.uk
Véronique,Gentner,tgentnerqt@tripadvisor.com
Léa,Ancliffe,jancliffequ@clickbank.net
Estève,Tesche,vtescheqv@tinypic.com
Cunégonde,Benaine,jbenaineqw@wikispaces.com
Bérénice,Dunkerley,gdunkerleyqx@privacy.gov.au
Cléopatre,Berling,aberlingqy@sogou.com
Måns,Bowden,abowdenqz@home.pl
Sòng,Hewson,chewsonr0@people.com.cn
Naëlle,Pottes,kpottesr1@tiny.cc
Kù,Figures,rfiguresr2@mtv.com
Dorothée,Woodeson,ewoodesonr3@businesswire.com
Régine,Sexon,csexonr4@zdnet.com
Chloé,Yerrell,lyerrellr5@weibo.com
Nélie,Chotty,rchottyr6@theatlantic.com
Nadège,Bach,gbachr7@meetup.com
Françoise,Dever,bdeverr8@cdc.gov
Gwenaëlle,Antonellini,hantonellinir9@examiner.com
Märta,Jaggers,bjaggersra@ovh.net
Aí,Seeking,rseekingrb@gnu.org
Aurélie,Wile,kwilerc@meetup.com
Stévina,Hammarberg,lhammarbergrd@nature.com
Gérald,Doram,tdoramre@shutterfly.com
Méghane,Tall,ttallrf@google.com.hk
Illustrée,Suddaby,lsuddabyrg@yellowpages.com
Marie-ève,Wethered,gwetheredrh@parallels.com
Mårten,Hupka,rhupkari@gmpg.org
Östen,Greenley,egreenleyrj@google.com.au
Dafnée,Anstey,ransteyrk@ifeng.com
Estée,Dyde,edyderl@hexun.com
Aloïs,Boyen,cboyenrm@go.com
Cunégonde,Enticott,aenticottrn@wisc.edu
Loïs,Burtwell,cburtwellro@spotify.com
Océanne,Feron,dferonrp@google.com.hk
Bénédicte,Shimman,wshimmanrq@state.gov
Publicité,MacFadzean,mmacfadzeanrr@springer.com
