uporabnisko_ime,geslo,ime_oseba,priimek_oseba,email
mweins0,uwrNQ8kwojb1,Maïly,Weins,jweins0@sphinn.com
amcfater1,juF5fEK2X,Mélissandre,McFater,amcfater1@adobe.com
aantonescu2,SWwti2W1Xcs,Adélie,Antonescu,iantonescu2@berkeley.edu
hrubbens3,itAVktWUgk,Görel,Rubbens,drubbens3@joomla.org
fgoldfinch4,14n7jVXsM,Kévina,Goldfinch,zgoldfinch4@cmu.edu
dmusk5,NQOKNlfjza,Görel,Musk,smusk5@nasa.gov
rapdell6,hh7X6ZiEYcjY,Laurélie,Apdell,dapdell6@hexun.com
wsvanetti7,eTcXJEvezSJB,Publicité,Svanetti,usvanetti7@dedecms.com
gverrick8,MTk9Lo,Mahélie,Verrick,sverrick8@qq.com
arickerby9,0eiAAHNJ4Lba,Cécilia,Rickerby,rrickerby9@mediafire.com
lbrumheada,4Mn4zNZhl49V,Mélodie,Brumhead,ebrumheada@people.com.cn
ogarieb,ubDQOhFf,Maëly,Garie,cgarieb@blogs.com
bdoohanc,ClaNsQArdrd,Maëline,Doohan,mdoohanc@xing.com
agolthorppd,7HMRv6HN,Mégane,Golthorpp,mgolthorppd@cbslocal.com
mtibolse,x2jY0W8a9xU,Magdalène,Tibols,ntibolse@mozilla.com
frappoportf,639R2Nh5H,André,Rappoport,mrappoportf@cnn.com
kroparsg,MIsjn2FLwEd,Léonie,Ropars,wroparsg@ft.com
fbougenh,Ug2NbSv7,Angélique,Bougen,mbougenh@ebay.co.uk
hpervewi,tJ5t22,Mélanie,Pervew,gpervewi@ow.ly
bpavlishchevj,xTpvR4l,Pénélope,Pavlishchev,apavlishchevj@wikispaces.com
dharrowayk,DHQHFye8o,Garçon,Harroway,mharrowayk@scientificamerican.com
sblissettl,KPNpDWp,Céline,Blissett,dblissettl@virginia.edu
dlovellm,gH4wjNdevj,Loïca,Lovell,elovellm@github.com
lmaciejakn,RtVpHy,Maëlla,Maciejak,lmaciejakn@pen.io
dmaylino,vVWDwTn,Naëlle,Maylin,cmaylino@facebook.com
kmarchentp,2tdydbFcqao,Mylène,Marchent,gmarchentp@nature.com
cdillestonq,3TNcVGfj,Néhémie,Dilleston,gdillestonq@xinhuanet.com
isalmenr,19IoCV1fJxMf,Vénus,Salmen,gsalmenr@thetimes.co.uk
mgallehawks,bXR7Xojv,Lucrèce,Gallehawk,lgallehawks@godaddy.com
gabrahamit,JwmrWbQ4mx,Maïly,Abrahami,labrahamit@alibaba.com
cpaoloniu,Ra8TD7,Léa,Paoloni,ypaoloniu@wikia.com
gbrigginshawv,eSHWPHz04Zs,Maëlyss,Brigginshaw,lbrigginshawv@dedecms.com
cbaudryw,okwndEf12MW,Åke,Baudry,abaudryw@sohu.com
anockx,jBjLFXS,Mahélie,Nock,ynockx@jugem.jp
epudgey,e0oJV8LIuM,Hélèna,Pudge,zpudgey@washington.edu
sormez,FKB5sfhF,Maëlle,Orme,normez@gnu.org
wstockbridge10,zeIkthDx,Lèi,Stockbridge,sstockbridge10@nsw.gov.au
cmurrie11,luQQbKOmh,Yú,Murrie,bmurrie11@twitpic.com
tashton12,meGHpE,Maëlla,Ashton,hashton12@accuweather.com
jstolberger13,030zFEglxJI3,Sélène,Stolberger,mstolberger13@1688.com
dplak14,tZLDboniE3,Méline,Plak,dplak14@last.fm
cbleazard15,uW3g0NA,Méline,Bleazard,nbleazard15@cam.ac.uk
fdaines16,NJQeLqTZ,Styrbjörn,Daines,jdaines16@si.edu
jstampe17,Icfegc8Nqm,Crééz,Stampe,jstampe17@eventbrite.com
lmccormick18,CDSwNAtEQwHP,Faîtes,McCormick,jmccormick18@canalblog.com
bcartlidge19,4Xy6lWyEGNf,Angèle,Cartlidge,ccartlidge19@noaa.gov
roen1a,w8CrsW9,Mélys,Oen,voen1a@independent.co.uk
mcron1b,neySpK,Athéna,Cron,bcron1b@123-reg.co.uk
muzelli1c,MbmVxUjC7s,Kù,Uzelli,ouzelli1c@irs.gov
helsegood1d,JS6JJnnCZ,Daphnée,Elsegood,delsegood1d@nifty.com
soxtoby1e,GlgkFcN,Angèle,Oxtoby,roxtoby1e@elegantthemes.com
lstenton1f,ZJoqxCF,Naéva,Stenton,nstenton1f@ocn.ne.jp
dboecke1g,g3jbxtG93q,Börje,Boecke,sboecke1g@myspace.com
hwindous1h,0qcbm6xFV3p5,Mélys,Windous,gwindous1h@mit.edu
lmound1i,Q9u2Q4ZRuTm,Tú,Mound,mmound1i@japanpost.jp
kmoodie1j,0HDxwTi1,Salomé,Moodie,dmoodie1j@miibeian.gov.cn
jtrengove1k,oTClsUi4,Magdalène,Trengove,ctrengove1k@prlog.org
vhigbin1l,UfnUAvuOkQ,Vérane,Higbin,ahigbin1l@jugem.jp
rlabusch1m,HFweZyT3PmqO,Danièle,Labusch,elabusch1m@dmoz.org
amatokhnin1n,2at7eP1,Måns,Matokhnin,hmatokhnin1n@patch.com
vhamblen1o,j8WVVUk5e,Intéressant,Hamblen,rhamblen1o@diigo.com
wbolger1p,VEch7g,Gaétane,Bolger,gbolger1p@indiegogo.com
llaxton1q,iT5HSx,Chloé,Laxton,llaxton1q@deviantart.com
lleverington1r,QD5oIA4,Mélissandre,Leverington,aleverington1r@google.de
gfife1s,QDl6axW,Joséphine,Fife,tfife1s@devhub.com
smcilriach1t,U6hrL2my5,Mà,McIlriach,cmcilriach1t@people.com.cn
aleroy1u,aMarjve,Célia,Leroy,aleroy1u@epa.gov
ctomkowicz1v,4oLIv6,Océane,Tomkowicz,jtomkowicz1v@unicef.org
bhadenton1w,j8wQQb1gPthf,Médiamass,Hadenton,mhadenton1w@skype.com
cboriston1x,0oX9aw1Vx,Andrée,Boriston,sboriston1x@domainmarket.com
tmurthwaite1y,RLEhNG5Gv,Camélia,Murthwaite,cmurthwaite1y@slate.com
csidwick1z,BulqSheKI6,Tú,Sidwick,jsidwick1z@cnet.com
mcantrill20,UAgelL3e3,Yénora,Cantrill,acantrill20@cargocollective.com
qbootyman21,E7eR3FxPFYaB,Léana,Bootyman,abootyman21@marriott.com
dworster22,2NEFwoY,Håkan,Worster,bworster22@imdb.com
hassel23,gORsEnA8g9,Maëlann,Assel,sassel23@dyndns.org
abrychan24,tnCzgsYyKt76,Noémie,Brychan,mbrychan24@scribd.com
jhurich25,B9NNggmF6D2,Lorène,Hurich,whurich25@slate.com
mbiddwell26,1fmS7eVs,Yè,Biddwell,kbiddwell26@wiley.com
ctoogood27,9RI8XcbOWOZ,Clémence,Toogood,ntoogood27@yahoo.com
jbraune28,RHDJTjW,Clémentine,Braune,lbraune28@blogs.com
msloley29,Egk81kzULi1C,Rachèle,Sloley,ssloley29@ehow.com
mredier2a,SxrmU2F9sC54,Måns,Redier,aredier2a@webnode.com
gbradbeer2b,dRig3JSxD,Simplifiés,Bradbeer,sbradbeer2b@theglobeandmail.com
ddacke2c,EIj7fzYw,Léone,Dacke,mdacke2c@biblegateway.com
mlabrum2d,yXZ0cCqI,Maïté,Labrum,dlabrum2d@si.edu
dcurnow2e,95cqWv,Märta,Curnow,mcurnow2e@craigslist.org
jgullis2f,Jtgz8f6kZL,Intéressant,Gullis,fgullis2f@elegantthemes.com
rgresswell2g,SbqzyJ,Marie-thérèse,Gresswell,ggresswell2g@google.de
epilley2h,TWUBbd,Marlène,Pilley,lpilley2h@qq.com
rwhitfeld2i,u4bjMzS6,Marie-thérèse,Whitfeld,ewhitfeld2i@opera.com
aharms2j,8FeqfyWES6,Adèle,Harms,bharms2j@google.com
wguage2k,drRhjtPYK,Aurélie,Guage,lguage2k@surveymonkey.com
hvolke2l,TAAXk9cqgp5,Tán,Volke,rvolke2l@about.com
hridulfo2m,F2ky3VJDEvf,Josée,Ridulfo,aridulfo2m@miitbeian.gov.cn
clongfield2n,6E7iWs75Y,Börje,Longfield,elongfield2n@fotki.com
rcortnay2o,pIDKPe6QRDzd,Sòng,Cortnay,rcortnay2o@squarespace.com
cmapplethorpe2p,kdLVZz6,Adélaïde,Mapplethorpe,bmapplethorpe2p@nbcnews.com
cgyorgy2q,jhZlzb7,Stéphanie,Gyorgy,egyorgy2q@berkeley.edu
ttesh2r,OqdKKEUCA,Göran,Tesh,etesh2r@mysql.com
dferran2s,hGrPeNsVT60s,Dorothée,Ferran,mferran2s@tripadvisor.com
sharteley2t,RIpcRNZUZ,Mylène,Harteley,aharteley2t@prlog.org
swasbrough2u,wMUJZI0QJWG7,Bérangère,Wasbrough,dwasbrough2u@deviantart.com
clytle2v,2w7tG7zxQg,Gösta,Lytle,alytle2v@examiner.com
rkeir2w,BFZZPDrHN,Ráo,Keir,skeir2w@blogtalkradio.com
jquinnelly2x,zPir0aSK,Françoise,Quinnelly,mquinnelly2x@washington.edu
dangeau2y,X0zSSQXPruUU,Publicité,Angeau,sangeau2y@microsoft.com
nhartnell2z,tqXGPWXT,Almérinda,Hartnell,hhartnell2z@nhs.uk
arouke30,ibG3NJ,Kallisté,Rouke,erouke30@etsy.com
gcolclough31,u8d7upq,Lài,Colclough,scolclough31@ox.ac.uk
mbarck32,BfpdDpPXp1p,Stévina,Barck,lbarck32@sbwire.com
gtoping33,uNeuHytC7B,Angélique,Toping,ptoping33@springer.com
gseedman34,0pqeMQANrDt,Bérangère,Seedman,aseedman34@omniture.com
winmett35,azgPNqrSJ,Méghane,Inmett,tinmett35@wix.com
myellep36,BRpQlnsfhG,Märta,Yellep,byellep36@google.pl
gshields37,2W0UT8Kj,Gaétane,Shields,nshields37@sciencedirect.com
mborn38,k6WQ4bMD,Dafnée,Born,cborn38@msu.edu
losculley39,nRetG17af,Alizée,O'Sculley,wosculley39@samsung.com
jpalfery3a,5wyHYVfeL0vK,Nadège,Palfery,spalfery3a@sun.com
dbellany3b,bFsQBOFWXH,Thérèse,Bellany,lbellany3b@t-online.de
pboc3c,DekZ7aCxqGt7,Personnalisée,Boc,tboc3c@simplemachines.org
kcrocken3d,H6OpaO1Nvq,Erwéi,Crocken,tcrocken3d@qq.com
cburdon3e,VMasJBR,Ráo,Burdon,rburdon3e@symantec.com
pbemlott3f,D5j8ZK5qAk,Lyséa,Bemlott,lbemlott3f@elpais.com
bdrewery3g,yY1zjL5,Faîtes,Drewery,fdrewery3g@mapy.cz
tmeaney3h,KXFkarnGRKh,Gaétane,Meaney,ameaney3h@redcross.org
jmcteague3i,UwtVyTJxb,Hélèna,McTeague,hmcteague3i@plala.or.jp
lshawyer3j,zhwAXBBsQ,Mà,Shawyer,fshawyer3j@yellowbook.com
swalls3k,JeqjInTE,Annotés,Walls,lwalls3k@cam.ac.uk
ccella3l,ObXT8G9zc,Börje,Cella,tcella3l@google.nl
adytham3m,xzUmhRK,Gérald,Dytham,kdytham3m@answers.com
giori3n,jmj0vy,Östen,Iori,kiori3n@wordpress.com
ahaisell3o,HX0fnp4,Lèi,Haisell,fhaisell3o@phoca.cz
mlabone3p,GwtL1tY,Eléa,Labone,slabone3p@google.com.au
ukennerknecht3q,13IXdietGyjl,Styrbjörn,Kennerknecht,hkennerknecht3q@lulu.com
hmcclinton3r,9Ch7Gm33y,Stévina,McClinton,dmcclinton3r@1und1.de
aivannikov3s,v7aH2s,Desirée,Ivannikov,mivannikov3s@dion.ne.jp
ljanus3t,Lh53TE,Marie-thérèse,Janus,ajanus3t@github.com
ealldis3u,ztYwvh,Personnalisée,Alldis,lalldis3u@mac.com
vfelix3v,8rKz4jqQO2q,Solène,Felix,jfelix3v@51.la
bhelling3w,2KqOJyEXe9,Yénora,Helling,bhelling3w@mapquest.com
aellwell3x,NcJ6Koj,Eloïse,Ellwell,cellwell3x@meetup.com
peaston3y,xQPR9CtBbt,Nuó,Easton,aeaston3y@admin.ch
aperrington3z,34L6onQa543N,Léana,Perrington,gperrington3z@hibu.com
vtwoohy40,u0X2i4Y1d,Stéphanie,Twoohy,atwoohy40@constantcontact.com
lallitt41,CbA2hAhh,Anaé,Allitt,uallitt41@vinaora.com
spotter42,vQN4WXFO6V,Maëlyss,Potter,cpotter42@squarespace.com
sdevas43,KllKOuP3JSH,Yáo,Devas,ddevas43@mysql.com
lflewett44,1mLdvGzfR,Maëly,Flewett,aflewett44@freewebs.com
faloshkin45,6eNPaQD,Garçon,Aloshkin,saloshkin45@google.pl
mbrimacombe46,v81267NX9Q,Méline,Brimacombe,mbrimacombe46@quantcast.com
zsherbrooke47,ZLQk3l,Audréanne,Sherbrooke,bsherbrooke47@tripadvisor.com
tcrosetti48,tby7ofcj,Josée,Crosetti,scrosetti48@jigsy.com
bgunby49,WwW9vZjev36,Cunégonde,Gunby,hgunby49@1688.com
iarkill4a,zSb3TJzeJeYN,Gaïa,Arkill,barkill4a@blogger.com
gswidenbank4b,a0N9waed,Gösta,Swidenbank,jswidenbank4b@wix.com
ehelder4c,oJTkwYnJoCm,Alizée,Helder,dhelder4c@cmu.edu
weliesco4d,DsZ9AOyDS3Qy,Yè,Eliesco,celiesco4d@samsung.com
dvigar4e,8Qh14fRlw,Inès,Vigar,bvigar4e@storify.com
lmobley4f,kCC2Bar5Ca,Maïlys,Mobley,bmobley4f@toplist.cz
mmcshirie4g,5Os2KVuID,Marie-ève,McShirie,kmcshirie4g@upenn.edu
cspringham4h,fOHUPE,Sélène,Springham,aspringham4h@amazon.co.jp
agreig4i,nYg4h2,Estée,Greig,bgreig4i@globo.com
ndensham4j,n3Ymk8,Marie-thérèse,Densham,ldensham4j@harvard.edu
mtortoise4k,ZvudG4Qh,Illustrée,Tortoise,ntortoise4k@un.org
mgedney4l,ngzQqAAFeH,Nadège,Gedney,ggedney4l@irs.gov
gshine4m,AiWKRKn,Andréanne,Shine,lshine4m@rambler.ru
lmoat4n,sECPk0wL0F,Angélique,Moat,amoat4n@qq.com
hbarbrook4o,OAwL5YME04v,Thérèse,Barbrook,abarbrook4o@netscape.com
vboulsher4p,FSC29wD5ZYY1,Françoise,Boulsher,gboulsher4p@loc.gov
aclayfield4q,UGr7O3Q,Måns,Clayfield,nclayfield4q@blogtalkradio.com
btallboy4r,cJxTyEA,Sélène,Tallboy,btallboy4r@state.gov
dlingley4s,DqaiNz,Océane,Lingley,hlingley4s@parallels.com
kverden4t,9bYDwbYZ0,Lén,Verden,lverden4t@google.com
froarty4u,W9EgWOmocO2,Géraldine,Roarty,broarty4u@macromedia.com
jbertelet4v,51EmA6aOL,Josée,Bertelet,fbertelet4v@stumbleupon.com
gmaccroary4w,4oujad1Z5J,Maëlann,MacCroary,nmaccroary4w@census.gov
tkuhnel4x,Z7Vrqo4MwO,Táng,Kuhnel,fkuhnel4x@deliciousdays.com
ctreece4y,AOdk88aXc,Nadège,Treece,rtreece4y@wsj.com
egimson4z,883YpLsjRT,Océanne,Gimson,hgimson4z@woothemes.com
ckasper50,EmQwkoQu,Aimée,Kasper,jkasper50@senate.gov
fphair51,rMmYfi,Anaé,Phair,jphair51@bloomberg.com
mbrandsma52,qG8JGMifs,Réjane,Brandsma,fbrandsma52@geocities.jp
rdemchen53,BXASmCd,Mårten,Demchen,ddemchen53@blogs.com
eantos54,scbWfRjcNRw,Camélia,Antos,rantos54@sciencedaily.com
dinnocent55,EkVWT4un9sfy,Adélie,Innocent,kinnocent55@wikimedia.org
khurll56,zuusUY,Sòng,Hurll,phurll56@webs.com
gstammler57,fGQBMxmd6zHv,Salomé,Stammler,jstammler57@economist.com
sblankman58,Zm1X9Io9,Irène,Blankman,sblankman58@woothemes.com
mimlen59,8bP5vnZDjP,Intéressant,Imlen,eimlen59@vimeo.com
jskeen5a,3RLcgvotEa,Maëlys,Skeen,tskeen5a@simplemachines.org
ebutters5b,0g1U1V,Nadège,Butters,abutters5b@macromedia.com
kgeelan5c,2etPnrj4O,Annotés,Geelan,fgeelan5c@prnewswire.com
wsenecaux5d,1OJTAZen,Yénora,Senecaux,ssenecaux5d@blogs.com
olamasna5e,ktVC0xGLJq,Méryl,Lamasna,llamasna5e@amazon.com
lspadeck5f,w1EiFLEtxxJ5,Marie-françoise,Spadeck,bspadeck5f@slashdot.org
tboyton5g,fbc94THGS5,Dorothée,Boyton,mboyton5g@huffingtonpost.com
bschrei5h,4rwAEKMmqaK,Néhémie,Schrei,jschrei5h@census.gov
bwilce5i,LljJB7dO,Kù,Wilce,twilce5i@so-net.ne.jp
mbromehed5j,k4YiPXhN,Lyséa,Bromehed,vbromehed5j@howstuffworks.com
whanley5k,5q3jLa7x,Maëlann,Hanley,bhanley5k@cbc.ca
rwoollhead5l,Kdldt0y4CG,Tán,Woollhead,twoollhead5l@oracle.com
sbolzen5m,eRlhWTOcuHw,Estée,Bolzen,sbolzen5m@cpanel.net
vwinslow5n,y2JdQ2LzFN,Åslög,Winslow,awinslow5n@dion.ne.jp
iyockley5o,tgfiHWkJOC,Edmée,Yockley,ryockley5o@sina.com.cn
kmouton5p,tHsMhc,Angèle,Mouton,bmouton5p@ebay.co.uk
dpetrov5q,raLQ21LickMY,Esbjörn,Petrov,wpetrov5q@sciencedaily.com
ameaney5r,pI6KAS,Irène,Meaney,mmeaney5r@umich.edu
nboyack5s,mjE6QCHfdCI,Céline,Boyack,vboyack5s@simplemachines.org
nredgrave5t,5l4TRCpF,Intéressant,Redgrave,mredgrave5t@bravesites.com
acrocker5u,fp0Fq1BsZ,Desirée,Crocker,dcrocker5u@de.vu
moakwell5v,PTA0probpp,Séréna,Oakwell,coakwell5v@prweb.com
bewings5w,5YnrJJAwgAO4,Ruò,Ewings,dewings5w@wiley.com
kbeddingham5x,Z7GMsfuKX5Z,Angélique,Beddingham,fbeddingham5x@dmoz.org
rmullin5y,g8aEyxqf,Ráo,Mullin,kmullin5y@altervista.org
sfaires5z,vqhwzgu7mt,Nuó,Faires,hfaires5z@is.gd
sbescoby60,XCDhi662mMz,Maï,Bescoby,ibescoby60@craigslist.org
pcejka61,QfQVSiqR7Cw,Zhì,Cejka,ocejka61@patch.com
dwaddam62,0nRzqYr,Mahélie,Waddam,cwaddam62@hhs.gov
ljahns63,dAivcmFssnr,Gérald,Jahns,tjahns63@edublogs.org
cdugo64,IdTDvX,Maëlys,D'Ugo,adugo64@oakley.com
etripe65,mcOw4du,Irène,Tripe,rtripe65@newyorker.com
cchaters66,UVd73SERPMG9,Simplifiés,Chaters,mchaters66@booking.com
mmcgeady67,abFbJEdvX,Maïwenn,McGeady,kmcgeady67@livejournal.com
hgave68,OcwipESEN,Annotés,Gave,dgave68@sciencedirect.com
dmaysor69,rsjgzlfzu1,Lorène,Maysor,kmaysor69@godaddy.com
rrowesby6a,TqKIQFYf3IAo,Méghane,Rowesby,hrowesby6a@biblegateway.com
rmacgall6b,K91tx7fqrCzG,Géraldine,MacGall,mmacgall6b@nba.com
dgodon6c,RHKZOreOVjqo,Maëlys,Godon,pgodon6c@squarespace.com
ghandrock6d,3TldItpg,Bécassine,Handrock,vhandrock6d@cmu.edu
seyes6e,9XUGlY7gb,Yénora,Eyes,keyes6e@un.org
jraffeorty6f,bySte9sqaWN,Célestine,Raffeorty,wraffeorty6f@elegantthemes.com
gshorrock6g,05wjm4I1RcYh,Eloïse,Shorrock,rshorrock6g@homestead.com
bcosbee6h,fitv5k8qbP,Judicaël,Cosbee,kcosbee6h@yellowpages.com
mpitts6i,LEVkOwfcQ7sF,Chloé,Pitts,bpitts6i@edublogs.org
gevequot6j,ENJ7WNbcmRWa,Laurène,Evequot,nevequot6j@vistaprint.com
bcapstack6k,nK6ZLDL3Kfcb,Loïs,Capstack,rcapstack6k@soundcloud.com
crawsen6l,0AcL2BlEeJ,Pénélope,Rawsen,srawsen6l@marriott.com
mmccague6m,w5yk5iFsmX2d,Miléna,McCague,dmccague6m@bigcartel.com
hshedden6n,y5f81QBODcIV,Anaé,Shedden,hshedden6n@blogtalkradio.com
jbrewerton6o,fGuVv8nAJbt,Gaétane,Brewerton,bbrewerton6o@facebook.com
sbrook6p,yYg5G2wh,Mélinda,Brook,lbrook6p@mac.com
rdonlon6q,salFfd7Ezja,Andréanne,Donlon,vdonlon6q@amazon.com
kriccardini6r,sIHMy7T0JJ,Clémentine,Riccardini,uriccardini6r@google.com.au
kthiem6s,2pDZELvji,Garçon,Thiem,mthiem6s@marriott.com
crobertson6t,O9EtTKv5hA0y,Valérie,Robertson,wrobertson6t@hibu.com
cpottiphar6u,4kLatSBUHhdF,Cécilia,Pottiphar,mpottiphar6u@engadget.com
mdauber6v,SOK5dR8j7wK,Annotée,Dauber,pdauber6v@xinhuanet.com
dponde6w,WwE8sex,Néhémie,Ponde,rponde6w@jugem.jp
agrinikhinov6x,tSIBeEU5r,Naéva,Grinikhinov,ggrinikhinov6x@gravatar.com
kgedge6y,XTpgKWmDZFoo,Bérengère,Gedge,cgedge6y@ucla.edu
medington6z,3H2rtuS3,Josée,Edington,eedington6z@apple.com
awahlberg70,XyYPq0,Séréna,Wahlberg,mwahlberg70@webmd.com
lshemilt71,KJUcLVrCn,Andréa,Shemilt,lshemilt71@issuu.com
dhuff72,RraGRaNUaH,Géraldine,Huff,thuff72@meetup.com
orickaert73,ptJKCsOWiGP0,Hélèna,Rickaert,erickaert73@ehow.com
fbruggeman74,NEswjec4TcD,Marie-françoise,Bruggeman,hbruggeman74@pinterest.com
snarramor75,kB2bHAMptoqb,Stévina,Narramor,cnarramor75@simplemachines.org
khuebner76,pWswrxwM0,Marylène,Huebner,shuebner76@godaddy.com
etiesman77,ghyGJ7k,Lyséa,Tiesman,rtiesman77@bluehost.com
mskentelbury78,duKiTAwUe,Naëlle,Skentelbury,iskentelbury78@ibm.com
rhayhoe79,N5Lq2C,Ruì,Hayhoe,nhayhoe79@mapy.cz
jshingles7a,Hf701op9nFoD,Noëlla,Shingles,dshingles7a@ed.gov
acrayker7b,6eahdmlBp,Alizée,Crayker,jcrayker7b@xing.com
osanper7c,rwmpoglGDi5,Maïlis,Sanper,qsanper7c@princeton.edu
gpohlke7d,7zYkcI,Lóng,Pohlke,bpohlke7d@is.gd
mnorthfield7e,wOOwhoaUpVMy,Mélodie,Northfield,anorthfield7e@blogtalkradio.com
rdevereux7f,5aH6ydz1,Mélina,Devereux,hdevereux7f@umn.edu
asandwith7g,Cg2hkP7Cr1Nr,Méthode,Sandwith,lsandwith7g@hubpages.com
jsouthers7h,PzfCDq,Bérangère,Southers,gsouthers7h@businessweek.com
mchopy7i,gRNp5Rpnj0rk,Esbjörn,Chopy,kchopy7i@photobucket.com
nmockler7j,SwFqzF9Qe,Lóng,Mockler,tmockler7j@jiathis.com
ncossell7k,ZIiTeE1FjKux,Miléna,Cossell,bcossell7k@xrea.com
alarvor7l,AtwCBQQu49J,Maëlys,Larvor,rlarvor7l@tinyurl.com
llyddy7m,87cAjsa,Kallisté,Lyddy,dlyddy7m@yandex.ru
vkhomishin7n,CGcw8v,Pò,Khomishin,jkhomishin7n@de.vu
istaining7o,gWiDeRypE,Garçon,Staining,bstaining7o@newyorker.com
gtunnick7p,JsbHLhxZ48,Maëlle,Tunnick,etunnick7p@amazonaws.com
otrittam7q,GjdAKL7DN,Hélèna,Trittam,ltrittam7q@unc.edu
vphilipeau7r,ryiMdEwcd,Gaïa,Philipeau,hphilipeau7r@intel.com
flawlee7s,yTkdu8lhm,Uò,Lawlee,mlawlee7s@cisco.com
smehmet7t,GieaFvZS,Dafnée,Mehmet,wmehmet7t@histats.com
awelds7u,amCGqrO3,Agnès,Welds,kwelds7u@posterous.com
cvalentin7v,cBRozyd0Q,Táng,Valentin,avalentin7v@nifty.com
mwall7w,xJZDb8U7,Mén,Wall,ewall7w@dell.com
afaithfull7x,qaxSnHFZY53Z,Maïlis,Faithfull,zfaithfull7x@freewebs.com
bphillpotts7y,Yah7v0IEixa,Simplifiés,Phillpotts,fphillpotts7y@bloglovin.com
ipedlingham7z,ukku73GFHn,Lèi,Pedlingham,lpedlingham7z@diigo.com
bdufore80,8z4dem6EZ3,Ruì,Dufore,rdufore80@so-net.ne.jp
dilyas81,citmwRRS10c,Estée,Ilyas,ailyas81@amazonaws.com
cbaumer82,Hrj4BFp,Dà,Baumer,jbaumer82@wufoo.com
hphilippsohn83,F0Z4Zve,Måns,Philippsohn,sphilippsohn83@constantcontact.com
kworsom84,5pUXYJB,Loïs,Worsom,tworsom84@ning.com
apoxton85,3Wjb88ex6nI,Maëlla,Poxton,wpoxton85@example.com
ahovenden86,rvA6iHn,Almérinda,Hovenden,shovenden86@irs.gov
rkarpets87,MT16E8P4a9,Inès,Karpets,lkarpets87@cdc.gov
asaller88,DFlJb3y,Séréna,Saller,asaller88@hp.com
hnorsister89,K3PTQJw,Lóng,Norsister,tnorsister89@biblegateway.com
gbream8a,tWEuJBUhUnbU,Ráo,Bream,cbream8a@storify.com
gtomblin8b,Q6OOzeSr5bQ,Loïca,Tomblin,itomblin8b@goodreads.com
apyrah8c,vBxdOltKx5WY,Maïlys,Pyrah,ppyrah8c@rambler.ru
gpavel8d,1BYMfF,Nuó,Pavel,fpavel8d@answers.com
rbutteris8e,wEOYaqB,Maïlis,Butteris,sbutteris8e@smh.com.au
dcoatham8f,ElNMg9e,Tán,Coatham,fcoatham8f@4shared.com
zpakeman8g,EFIjKU,Fèi,Pakeman,gpakeman8g@vimeo.com
wballinghall8h,Jst0KkYX7,Eléa,Ballinghall,kballinghall8h@discovery.com
dchawkley8i,X3pv7rZ61,Lucrèce,Chawkley,lchawkley8i@squarespace.com
ndishman8j,uxHybJ338r,Anaëlle,Dishman,kdishman8j@amazon.co.uk
rstieger8k,26rEHBl4Dd,Märta,Stieger,jstieger8k@desdev.cn
melfe8l,1BSaSjJLbQ,Gaétane,Elfe,celfe8l@dailymail.co.uk
mmclarnon8m,94BYXphdzmx,Rébecca,McLarnon,amclarnon8m@domainmarket.com
rbeagen8n,E3QVO8Vq,Lauréna,Beagen,hbeagen8n@ustream.tv
abeverley8o,ZntBAAO2,Lài,Beverley,abeverley8o@pen.io
gjansey8p,aKX6aew6Qq0,Maïlis,Jansey,ljansey8p@mysql.com
jgallgher8q,rpniQ1FCdH3,Táng,Gallgher,lgallgher8q@prnewswire.com
jbridgeland8r,6Lz3tXafD,Yénora,Bridgeland,ibridgeland8r@dailymail.co.uk
eparsisson8s,wJTCHwcSEaL,Loïs,Parsisson,zparsisson8s@goodreads.com
mmollen8t,pQ1kyXunE,Kuí,Mollen,cmollen8t@seesaa.net
dmartinetto8u,noNsrzb,Lèi,Martinetto,emartinetto8u@facebook.com
erosenthal8v,rsFRY238t9hG,Marie-noël,Rosenthal,irosenthal8v@xing.com
frollingson8w,4sDl4x07XA,Börje,Rollingson,arollingson8w@patch.com
glevis8x,XSd34W2Ibeeb,Yáo,Levis,llevis8x@tuttocitta.it
bsawers8y,XorMUfn1Uq,Bénédicte,Sawers,msawers8y@nytimes.com
agallyhaock8z,WUhSVf,Bérangère,Gallyhaock,bgallyhaock8z@eepurl.com
gvallack90,mw0JXGTBnzKh,Cléopatre,Vallack,svallack90@ezinearticles.com
tcliburn91,0NpM1xZ1hC,Dorothée,Cliburn,scliburn91@google.cn
apeppard92,FFqomzAoChS9,Estève,Peppard,gpeppard92@samsung.com
jgookey93,Ti0v1XyLu9,Lóng,Gookey,hgookey93@nydailynews.com
slusk94,rOZpvtFy,Adélaïde,Lusk,blusk94@com.com
lfretter95,ZEuwSX,Anaël,Fretter,dfretter95@google.ca
acater96,JLEO3k0fMcy4,Mélanie,Cater,wcater96@wikispaces.com
awerlock97,4dYk7DnM,Méng,Werlock,lwerlock97@de.vu
sswafford98,PIq9kn,Daphnée,Swafford,cswafford98@biblegateway.com
btoxell99,z09EaqCF,Intéressant,Toxell,dtoxell99@tiny.cc
fdanbrook9a,izbyhvGxYxA2,Léa,Danbrook,edanbrook9a@cafepress.com
fschiersch9b,KvspmV,Lài,Schiersch,rschiersch9b@wsj.com
lmadill9c,h3gEAPDLT,Publicité,Madill,fmadill9c@icq.com
frowell9d,azYyCCMXNK,Maïlis,Rowell,arowell9d@jalbum.net
vhunnicutt9e,LeM14lR0mt,Håkan,Hunnicutt,lhunnicutt9e@unc.edu
eborder9f,wrn28Q72,Görel,Border,mborder9f@vimeo.com
nlycett9g,nSu760CB6zP,Mélinda,Lycett,dlycett9g@liveinternet.ru
vionn9h,cEM6LkR,Pélagie,Ionn,pionn9h@timesonline.co.uk
egajownik9i,srPQhonRjVWE,Séréna,Gajownik,mgajownik9i@sohu.com
pcarbonell9j,5YNfo3I,Léone,Carbonell,ycarbonell9j@booking.com
eaizikowitz9k,8sL2EC9um,Mà,Aizikowitz,daizikowitz9k@feedburner.com
hlanon9l,YpveW0Okuy,Eloïse,Lanon,blanon9l@dagondesign.com
dodocherty9m,VDQ9eoNV,Zhì,O'Docherty,todocherty9m@usatoday.com
bkivelhan9n,ACGWkd2T7sN,Loïc,Kivelhan,fkivelhan9n@hubpages.com
spoytres9o,oyjlj3PfY,Sélène,Poytres,kpoytres9o@indiatimes.com
alillecrap9p,YTv3H23jCXRK,Desirée,Lillecrap,jlillecrap9p@issuu.com
kleaton9q,0cw9vbYZP,Estève,Leaton,gleaton9q@wikimedia.org
istroyan9r,gWZjnIH,Océanne,Stroyan,dstroyan9r@chronoengine.com
goshiel9s,5GRfjJvT9V,Eugénie,O'Shiel,boshiel9s@networksolutions.com
adobby9t,I8hrkA,Laïla,Dobby,sdobby9t@prlog.org
acromer9u,LUgGCnzsnaMq,Ruò,Cromer,kcromer9u@soundcloud.com
lfield9v,BYf3fr41Yc,Mahélie,Field,gfield9v@rakuten.co.jp
bandrosik9w,n5Lo8Zbk,Håkan,Androsik,kandrosik9w@bing.com
mkenninghan9x,7c3RJnrPk8g,Léonie,Kenninghan,hkenninghan9x@zdnet.com
tgornal9y,NxQ5z3,Mélys,Gornal,agornal9y@europa.eu
mlevick9z,dYOrMX,Céline,Levick,hlevick9z@ca.gov
rwaitinga0,jqhDGyN2u9,Frédérique,Waiting,cwaitinga0@wordpress.org
dmaddersa1,cySTM6l,Desirée,Madders,tmaddersa1@ed.gov
dclarka2,5VCCrI1i,Cunégonde,Clark,aclarka2@army.mil
sstollmeiera3,JGMbuf,Almérinda,Stollmeier,rstollmeiera3@macromedia.com
hpratona4,R2DFIg3Sot,Stévina,Praton,spratona4@boston.com
ktrevaskusa5,2jnxjq,Françoise,Trevaskus,ktrevaskusa5@oracle.com
cwarrya6,nJAmjVhq,Cléopatre,Warry,mwarrya6@lulu.com
esyslanda7,pMJ5FP,Kallisté,Sysland,asyslanda7@skyrock.com
ddudgeona8,5O3YsNFnY7,Simplifiés,Dudgeon,sdudgeona8@nasa.gov
krobertuccia9,5F50N4ZqP8,Inès,Robertucci,wrobertuccia9@dmoz.org
fmccraeaa,x3r9o2mXf7lz,Noëlla,McCrae,mmccraeaa@zimbio.com
dpassbyab,GByYaO7,Thérèse,Passby,fpassbyab@fotki.com
abrissardac,f7uqSwR,Intéressant,Brissard,sbrissardac@nationalgeographic.com
fattreead,jvddWBJq,Maëlla,Attree,dattreead@weather.com
fstuchberyae,eJ7OFKIL,Loïc,Stuchbery,rstuchberyae@aol.com
jllorenteaf,hDYQzcx,Marylène,Llorente,mllorenteaf@sphinn.com
smablesonag,Mjmv5ECkoY7,Maïté,Mableson,rmablesonag@nytimes.com
nbrislaneah,xPo9QaA,Maéna,Brislane,fbrislaneah@prlog.org
proutai,N3G4S7vS2ks,Maëly,Rout,wroutai@wp.com
kcollardaj,WUELaPK,Stévina,Collard,gcollardaj@fastcompany.com
emallalieuak,jPneuA6ZuBJ6,Mårten,Mallalieu,amallalieuak@aboutads.info
eosesnaneal,JsEpssoBk,Åke,O'Sesnane,fosesnaneal@ehow.com
asiemonsam,W2xolJn,Andréa,Siemons,asiemonsam@google.de
dhargessan,6fDo6XxYK7ak,Eliès,Hargess,ahargessan@bloglines.com
mhurticao,nHrpF5Zkpgee,Gwenaëlle,Hurtic,bhurticao@cnn.com
vpascoeap,GffZgHJ,André,Pascoe,lpascoeap@de.vu
mcantoaq,IbbVOY,Gaétane,Canto,dcantoaq@yellowbook.com
cbrokear,zRwu2VUt4tiB,Illustrée,Broke,cbrokear@feedburner.com
oguirardinas,KjjRNb1WvmW,Eléonore,Guirardin,kguirardinas@hp.com
kbertsonat,Yq06Yr,Félicie,Bertson,kbertsonat@barnesandnoble.com
clemoucheuxau,kpDvFe3Ie6K1,Aloïs,Le Moucheux,llemoucheuxau@nymag.com
oattreeav,0ISbXamuA,Kévina,Attree,dattreeav@webnode.com
sgladdisaw,NsY4W9,Ophélie,Gladdis,mgladdisaw@vkontakte.ru
mhalbertax,F9Yez8V,Chloé,Halbert,rhalbertax@skype.com
sgolstonay,uB7Hxotgv8Q,Judicaël,Golston,ggolstonay@artisteer.com
mginniaz,RJ7pmw6jdOB,Camélia,Ginni,gginniaz@i2i.jp
gjirab0,NPXFHy8cE,Esbjörn,Jira,pjirab0@nationalgeographic.com
laxtonb1,tTBERO0r,Mylène,Axton,naxtonb1@zdnet.com
mkerib2,DtT2eO,Adélaïde,Keri,kkerib2@tmall.com
abuckelb3,xRgzg0CQtAo,Aimée,Buckel,pbuckelb3@parallels.com
jrobottomb4,ihiqew,Clémence,Robottom,mrobottomb4@youtube.com
ttabertb5,1qTSBtnFR,Pélagie,Tabert,ktabertb5@craigslist.org
gmclaganb6,KAALulIHBZ,Zoé,McLagan,mmclaganb6@amazon.co.jp
skilrowb7,CICA9FHW5L,Loïca,Kilrow,ekilrowb7@ebay.com
gclutheramb8,HSeSekSAa,Nadège,Clutheram,rclutheramb8@chicagotribune.com
hmcparlandb9,JqHsKuRw38n,Andrée,McParland,lmcparlandb9@businesswire.com
ehelversenba,iBAXAdcLn,Gösta,Helversen,lhelversenba@dagondesign.com
ospinnacebb,ZG8WxhxBeZ0,Mårten,Spinnace,sspinnacebb@cornell.edu
cderricobc,x9KADzXDMs5Z,Stévina,D'Errico,jderricobc@histats.com
aistonbd,1lETT9uK,Pélagie,Iston,gistonbd@timesonline.co.uk
fforsythbe,BioIaEbwxu,Loïca,Forsyth,jforsythbe@house.gov
mdoolandbf,6k0tiA,Mélanie,Dooland,cdoolandbf@mozilla.com
dkingerbybg,OWvznON4,Anaël,Kingerby,akingerbybg@ucla.edu
ubaksterbh,bHdkzAF8f,Léana,Bakster,bbaksterbh@nifty.com
fbrackenburybi,FP0Ewz1eGuqU,Marie-josée,Brackenbury,bbrackenburybi@statcounter.com
jduplantierbj,CzgwRk,Faîtes,Du Plantier,wduplantierbj@cnn.com
smarriottbk,ELbqMw,Françoise,Marriott,pmarriottbk@cornell.edu
fmohamedbl,4b60lSL,Amélie,Mohamed,smohamedbl@nytimes.com
lhastonbm,Bt2UQqzosCvi,Dorothée,Haston,ahastonbm@jigsy.com
pbridgensbn,vRcq7gMj7,Gaëlle,Bridgens,abridgensbn@tumblr.com
jprendivillebo,x5FbTkrmn,Vénus,Prendiville,rprendivillebo@amazon.co.jp
awoottonbp,416ngiGdR,Océanne,Wootton,bwoottonbp@hubpages.com
kperkinsonbq,lwh63Q05Ffg0,Marie-françoise,Perkinson,jperkinsonbq@google.nl
bmaffezzolibr,kDC0vO,Félicie,Maffezzoli,mmaffezzolibr@mit.edu
pasquezbs,jS0TALdGCqL,Léane,Asquez,sasquezbs@edublogs.org
kelleraybt,HjgsbLnv9a,Garçon,Elleray,delleraybt@dell.com
iscrubybu,Niskj921,Maëlla,Scruby,escrubybu@army.mil
bkiendlbv,Lo0cGJ07S,Méghane,Kiendl,nkiendlbv@businessweek.com
bpensonbw,j0gUxnqD,Gaïa,Penson,dpensonbw@umn.edu
hmercikbx,ci49AW,Marie-hélène,Mercik,kmercikbx@cloudflare.com
dfancourtby,ANdhsWg,Françoise,Fancourt,gfancourtby@blog.com
cvasilicbz,0LQcJfqBi,Clélia,Vasilic,wvasilicbz@nydailynews.com
ddenekampc0,hCsMjeWWy5,Célia,Denekamp,rdenekampc0@newyorker.com
nrosevearc1,nKh106j,Mahélie,Rosevear,mrosevearc1@wired.com
hskitteralc2,v27DSFVnquX,Publicité,Skitteral,tskitteralc2@technorati.com
acurriec3,R415yT,Séverine,Currie,mcurriec3@nytimes.com
dpreonc4,wKXPvowVa,Valérie,Preon,rpreonc4@java.com
apulverc5,4SE2huf5ZjU,Dà,Pulver,lpulverc5@chicagotribune.com
rjozefowiczc6,1I9Q2hYE04xx,Mårten,Jozefowicz,ajozefowiczc6@mail.ru
mblazeyc7,Tk4X3K0,Inès,Blazey,sblazeyc7@themeforest.net
gshinec8,b4Kskh,Wá,Shine,sshinec8@soundcloud.com
bmacallasterc9,PKqTSQ5qHW6,Maëly,MacAllaster,smacallasterc9@123-reg.co.uk
adelythca,ditpdRJU74i,Maïly,Delyth,ddelythca@geocities.com
tcaseycb,Hyibuol,Marylène,Casey,acaseycb@bizjournals.com
rbackecc,MzClpwpfF,Hélèna,Backe,mbackecc@edublogs.org
ccarlettocd,wSJnH3,Rachèle,Carletto,ncarlettocd@washingtonpost.com
mdoerrce,jdA2OT3TTI,Bérénice,Doerr,hdoerrce@taobao.com
csturecf,Slq1oze4pn4,Kù,Sture,dsturecf@trellian.com
hmacgraithcg,3DDcGAELm,Agnès,MacGraith,dmacgraithcg@globo.com
ariccardinich,LMnszgmV,Maëlann,Riccardini,criccardinich@friendfeed.com
cscothorneci,Yinf3phV,Léandre,Scothorne,tscothorneci@google.com.br
swilliamsoncj,GDwQhNkt,Léonie,Williamson,lwilliamsoncj@kickstarter.com
nplaiceck,as37MJlW,Håkan,Plaice,dplaiceck@blog.com
hedesoncl,LHjttc1CTqdb,Maëlann,Edeson,ledesoncl@dot.gov
kmcquaidcm,tGRmH8Luu,Cléa,McQuaid,jmcquaidcm@wp.com
nprendergrasscn,ybu0Zl7,Rachèle,Prendergrass,mprendergrasscn@nps.gov
hbushelco,pSUjzHy5,Maëlys,Bushel,jbushelco@ow.ly
tdoonecp,ErS5uGDmtC65,Véronique,Doone,edoonecp@sitemeter.com
abradickcq,ePXWBZ,André,Bradick,hbradickcq@oracle.com
tsalzburgercr,9JYG0FUdCxSJ,Léandre,Salzburger,ssalzburgercr@ed.gov
wmillichipcs,S05ypfgg7,Maëlann,Millichip,cmillichipcs@nydailynews.com
jstollenbeckct,TsFous,Néhémie,Stollenbeck,estollenbeckct@sakura.ne.jp
osauratcu,0JauxhEr7,Danièle,Saurat,ssauratcu@google.com.hk
sshonecv,ceubZsXz1re,Véronique,Shone,gshonecv@youtu.be
ahambrightcw,yACFuK5PCf,Michèle,Hambright,chambrightcw@ft.com
ehampshawcx,ICC3mWgl5,Yáo,Hampshaw,ehampshawcx@trellian.com
ssmalescy,5S6eNuWUiZ,Loïc,Smales,asmalescy@ftc.gov
lkupkercz,dWHYw5z,Bérangère,Kupker,hkupkercz@desdev.cn
dbennallckd0,5pH5ivST9FV,Lài,Bennallck,cbennallckd0@army.mil
cfriendd1,lrDy4afDKC6,Vénus,Friend,lfriendd1@go.com
jheavisided2,1aRWJsflhS8k,Börje,Heaviside,dheavisided2@wisc.edu
mcosstickd3,yNqwQziAk,Pénélope,Cosstick,scosstickd3@furl.net
rfritscheld4,AznoFz1FIWD,Judicaël,Fritschel,kfritscheld4@gravatar.com
jcabenad5,oIDllXnn,Crééz,Cabena,bcabenad5@nytimes.com
hbudgeond6,XwcuGdg8Eun,Maëlys,Budgeon,fbudgeond6@java.com
ohowtopreserved7,givuiVbwO,Mélys,How to preserve,ehowtopreserved7@i2i.jp
gsnaddind8,4gERVejMH04,Laïla,Snaddin,ssnaddind8@usa.gov
mcrossand9,71W70tmlH0VH,Maéna,Crossan,fcrossand9@guardian.co.uk
lfarresda,PeffqbMVFX,Maëlle,Farres,cfarresda@so-net.ne.jp
akieltydb,E9MurAE,Marylène,Kielty,fkieltydb@unblog.fr
lleftlydc,yM8MGpX,Sòng,Leftly,nleftlydc@com.com
ulaverackdd,qWLVPkX,Ruì,Laverack,xlaverackdd@umich.edu
cdiackde,09YcB5hG,Adélaïde,Diack,sdiackde@tamu.edu
mianiellodf,OAxWQqmH86,Uò,Ianiello,mianiellodf@tinyurl.com
rpauledg,W2MF3OK,Styrbjörn,Paule,wpauledg@shutterfly.com
rmarcodh,v8B9McN,Naëlle,Marco,tmarcodh@histats.com
gfarryndi,vGVgHn2eiOyy,Frédérique,Farryn,afarryndi@discuz.net
lmonnoyerdj,pdVG0nyg5,Océanne,Monnoyer,jmonnoyerdj@github.io
jfinleydk,nJdGNmdkLw7,Josée,Finley,mfinleydk@craigslist.org
schasteldl,5MfyEcnSmnC,Maëly,Chastel,lchasteldl@linkedin.com
ftruittdm,WHW7mZGUJG,Jú,Truitt,etruittdm@boston.com
mnockoldsdn,8OUHeU,Josée,Nockolds,knockoldsdn@artisteer.com
xmcleoddo,TaLif4hC2vD,Yénora,McLeod,omcleoddo@cbslocal.com
eladddp,8rpkd2i,Yáo,Ladd,dladddp@nbcnews.com
rmatkindq,jhRZ1OF,Bécassine,Matkin,mmatkindq@comsenz.com
adebernardisdr,zlW2dDzBtExY,Amélie,De Bernardis,wdebernardisdr@comsenz.com
ecawsds,hCC4ZxYIEYv,Marie-josée,Caws,ncawsds@nymag.com
kramsaydt,dJxX5d0bn,Maëlys,Ramsay,mramsaydt@domainmarket.com
kgrizarddu,4NfA7SFVbPyW,Daphnée,Grizard,ngrizarddu@reuters.com
kvossgendv,1SmDcUI,Gaïa,Vossgen,tvossgendv@elegantthemes.com
farpindw,YRMQcRYjbir,Åsa,Arpin,tarpindw@dailymotion.com
rogriffindx,hZVPj75E6,Stévina,O'Griffin,vogriffindx@hao123.com
kclewarthdy,jc9IIgy,Stévina,Clewarth,pclewarthdy@ning.com
dbrynsdz,VdLj4hQW0N1w,Zhì,Bryns,abrynsdz@istockphoto.com
fsanphere0,aTBwJ5TZETx,Maëlyss,Sanpher,jsanphere0@yelp.com
nmullalye1,uvFJlEV3J2,Marie-josée,Mullaly,bmullalye1@addthis.com
dbarneye2,Bru8Rldbw,Fèi,Barney,gbarneye2@mit.edu
dbuiste3,PfKCtai9gJN,Ruò,Buist,vbuiste3@springer.com
ngittuse4,g9MpWyrce,Nélie,Gittus,rgittuse4@delicious.com
ndorrinse5,jAJ1XL,Léonore,Dorrins,fdorrinse5@parallels.com
mcollingee6,qYMLEBvY,Léane,Collinge,acollingee6@hao123.com
apeterae7,WAJ39N,Dà,Petera,dpeterae7@skype.com
sratledgee8,9HS2rFfUre2,Stéphanie,Ratledge,bratledgee8@privacy.gov.au
tdinsee9,FO5SASh82w,Jú,Dinse,kdinsee9@tiny.cc
mbortoliea,4zvsYWARo2Z,Adélaïde,Bortoli,kbortoliea@ucoz.ru
espeereb,tM5otB84,Régine,Speer,aspeereb@soup.io
pmelsomec,qbNo97,Ráo,Melsom,rmelsomec@examiner.com
ccarffed,W8oqIpW,Pò,Carff,hcarffed@dropbox.com
jjimeee,xUjh1TUSKXX2,Mélanie,Jime,rjimeee@tinypic.com
jhambeltonef,VWf73C,Torbjörn,Hambelton,rhambeltonef@yolasite.com
tmcnirlaneg,t5p7MID7JIY,Aí,McNirlan,imcnirlaneg@cocolog-nifty.com
ptreebyeh,SCA14vgXY6H,Måns,Treeby,gtreebyeh@opera.com
jdecourseyei,MsZ3T4HYa,Lén,De Coursey,kdecourseyei@patch.com
pleftlyej,j3xs57V7UJE,Marie-thérèse,Leftly,bleftlyej@bloglovin.com
esheahanek,uHVhvxg,Åke,Sheahan,jsheahanek@linkedin.com
ghorsteadel,h1sH7bVaw,Maëlle,Horstead,ahorsteadel@theguardian.com
hforreem,Wfv0trSJzGkL,Marlène,Forre,dforreem@nymag.com
jcouleen,HsfjmpthlCFH,Océane,Coule,acouleen@booking.com
mnajeraeo,Fl5smux,Gaïa,Najera,enajeraeo@fda.gov
kgibbonep,3dAzYOT,Publicité,Gibbon,kgibbonep@trellian.com
alangmuireq,yEXobS6,Laurène,Langmuir,nlangmuireq@patch.com
gmakesweller,ObxQBi1,Léa,Makeswell,bmakesweller@seesaa.net
lshakesbyees,O9rhIHWtjPWP,Rachèle,Shakesbye,lshakesbyees@odnoklassniki.ru
gporttet,u1VPIb4Q3,Dafnée,Portt,pporttet@chicagotribune.com
ttweddelleu,t6IiQkZvB09,Annotés,Tweddell,htweddelleu@webnode.com
lrathbourneev,8FmyPXopI3,Gaïa,Rathbourne,arathbourneev@nydailynews.com
lfolcarelliew,OmPQFv9F3L2D,Maëly,Folcarelli,bfolcarelliew@washingtonpost.com
jakesterex,2TUMDK,Laïla,Akester,cakesterex@google.co.uk
agreschikey,Z9ZhLWa1VU,Crééz,Greschik,vgreschikey@oakley.com
kmartschkeez,gcZrzMO,Pò,Martschke,jmartschkeez@rediff.com
glepopef0,PQcj2uAj,Irène,Lepope,vlepopef0@marriott.com
gheinrichf1,JOJTlauWeD,Chloé,Heinrich,bheinrichf1@apple.com
mcallingtonf2,T11pwmay,Personnalisée,Callington,kcallingtonf2@gizmodo.com
mivanovf3,DDbPaix4nOlG,Illustrée,Ivanov,tivanovf3@bandcamp.com
hdesportef4,B44ifPLX0,Personnalisée,Desporte,tdesportef4@google.pl
friseamf5,HK0oH2S,Wá,Riseam,sriseamf5@ovh.net
jcasbonf6,V3xxK4s2y,Zhì,Casbon,rcasbonf6@hugedomains.com
tjocklef7,7QjsSzT,Eliès,Jockle,djocklef7@drupal.org
ctitcombef8,42tAcn8m,Börje,Titcombe,gtitcombef8@chronoengine.com
klettsomf9,rDNzULxHNi5h,Marie-hélène,Lettsom,rlettsomf9@cdbaby.com
zlewteyfa,xWvmLX1SzR8n,Kallisté,Lewtey,rlewteyfa@ca.gov
bsmeuinfb,sAAnbL,Yénora,Smeuin,zsmeuinfb@nymag.com
rpatenfc,tLT9vNbt,Mélodie,Paten,wpatenfc@sfgate.com
traffinfd,TRj1oy6vjr,Ruì,Raffin,rraffinfd@wisc.edu
pgastickefe,zIwBlP4si,Aloïs,Gasticke,ngastickefe@cnet.com
wcrantonff,GV0yLW7LFYH,Dà,Cranton,ecrantonff@facebook.com
lwoolattfg,y6Z3hOwui5LK,Cléa,Woolatt,rwoolattfg@hostgator.com
ywinterbottomfh,dRAG1Xr,Mén,Winterbottom,lwinterbottomfh@pen.io
zrebeirofi,X8VwwGgILn,Médiamass,Rebeiro,lrebeirofi@bloomberg.com
flenaghenfj,JcSPpPFhHo,Dorothée,Lenaghen,plenaghenfj@ycombinator.com
rleelfk,dnRHvrUm4,Eléonore,Leel,mleelfk@posterous.com
elightbournfl,pBGmKfGj9BP,Sélène,Lightbourn,vlightbournfl@a8.net
azanussiifm,PTzFqcONnOi,Yénora,Zanussii,czanussiifm@netscape.com
gbackshawfn,IWgIIj,Eléa,Backshaw,rbackshawfn@behance.net
lskpseyfo,v6u4bB1vI,Frédérique,Skpsey,rskpseyfo@nhs.uk
lstatterfp,NOU2dMa,Gaëlle,Statter,tstatterfp@nih.gov
vpirduefq,QUFwULe8TB,Anaëlle,Pirdue,npirduefq@usa.gov
mpollfr,DGvdnJ0,Östen,Poll,fpollfr@cbc.ca
cwillsfs,TwpaUKzW0fQ,Béatrice,Wills,mwillsfs@patch.com
lkeeseft,9nMh8cOQe,Aurélie,Keese,mkeeseft@utexas.edu
bbernadonfu,3oxwF9b,Björn,Bernadon,dbernadonfu@jigsy.com
bthandifv,v3o5EGHsgxUw,Estée,Thandi,gthandifv@csmonitor.com
aszanthofw,I2G1UqF,Réservés,Szantho,jszanthofw@jimdo.com
rbehrfx,y2dHFa,Intéressant,Behr,obehrfx@foxnews.com
alarkworthyfy,uZhz6uPKZ,Crééz,Larkworthy,llarkworthyfy@tuttocitta.it
astuddersfz,TSv5h4lYGo,Vérane,Studders,pstuddersfz@pinterest.com
esamesg0,BG8mjQohFeZ,Léane,Sames,gsamesg0@independent.co.uk
lguietg1,E7T0ceTa,Lèi,Guiet,dguietg1@about.me
ssketchg2,d1mJgGa,Rachèle,Sketch,msketchg2@phoca.cz
vaptedg3,RVARtv,Cléopatre,Apted,laptedg3@gnu.org
bpapeg4,hyHKHJtoiT4O,Bécassine,Pape,epapeg4@taobao.com
msheehang5,dIge5Jx6,Naéva,Sheehan,bsheehang5@google.it
tschoberg6,4KptEUcDYO6,Maïlis,Schober,vschoberg6@mtv.com
dbousteadg7,MCHPJG,Léane,Boustead,sbousteadg7@constantcontact.com
agronowg8,8Ue4jIcK,Mà,Gronow,jgronowg8@wordpress.com
rscotchmorg9,fPgA76Ve,Magdalène,Scotchmor,fscotchmorg9@hud.gov
dbrandsenga,cj4ujPOP,Rébecca,Brandsen,wbrandsenga@webeden.co.uk
rstandevengb,ZuMGlgqPPd,Yóu,Standeven,cstandevengb@123-reg.co.uk
ndictegc,fyLwptfc,Mà,Dicte,kdictegc@blog.com
bspearettgd,zlP293yUnpWG,Marie-josée,Spearett,pspearettgd@amazon.com
missattge,lYyxCY4QGedm,Thérèsa,Issatt,fissattge@cocolog-nifty.com
msaggersgf,am942lj9Nza,Almérinda,Saggers,msaggersgf@vk.com
bgreenrodgg,Qr9tQJcpiR,Béatrice,Greenrod,hgreenrodgg@linkedin.com
clothloriengh,vnuMQ6OD2,Pélagie,Lothlorien,rlothloriengh@oakley.com
hmoreinggi,v777uFEY,Cécilia,Moreing,jmoreinggi@booking.com
dmitchesongj,li8GQpo5CX,Daphnée,Mitcheson,dmitchesongj@surveymonkey.com
icraigheidgk,mvFl9G,Lyséa,Craigheid,xcraigheidgk@nhs.uk
amcfadyengl,dUOijqNA,Yóu,McFadyen,cmcfadyengl@creativecommons.org
dtichnergm,ubgYmq,Måns,Tichner,ctichnergm@theglobeandmail.com
abossongn,OakjLu,Magdalène,Bosson,sbossongn@nydailynews.com
gcinogo,dNv8JPEH,Gaétane,Cino,lcinogo@last.fm
iyurlovgp,hDpGMQRVO,Eléonore,Yurlov,ayurlovgp@cam.ac.uk
dgwyergq,ZEdKID,Naéva,Gwyer,ngwyergq@cocolog-nifty.com
vcardoogr,LJgPE5SgxRD,Océanne,Cardoo,scardoogr@intel.com
dwoodardgs,KZCUHAsic,Josée,Woodard,rwoodardgs@java.com
apoytresgt,YkZXBIT6HV,Eliès,Poytres,kpoytresgt@disqus.com
ssikoragu,orT84tDP8g,Salomé,Sikora,tsikoragu@senate.gov
fcahalingv,iF94GlxFKvh,Maïly,Cahalin,hcahalingv@list-manage.com
bclacgw,4EBSKr,Liè,Clac,nclacgw@linkedin.com
ubeckwithgx,2CLR4d1,Ruò,Beckwith,mbeckwithgx@angelfire.com
aslewcockgy,CnxWBZ2WpG,Jú,Slewcock,fslewcockgy@mysql.com
sluckesgz,T2Het1qww,André,Luckes,kluckesgz@w3.org
dgunnyh0,y6zpIpItC,Adélie,Gunny,bgunnyh0@dion.ne.jp
tgennerh1,KzoGAQJb,Amélie,Genner,sgennerh1@booking.com
cabrehearth2,tjxsYIpiGq0W,Adélaïde,Abreheart,nabrehearth2@infoseek.co.jp
kcattleh3,ZU5SixuENEo,Laurène,Cattle,lcattleh3@dot.gov
ndevanneyh4,62jDCiz4X,Cinéma,Devanney,cdevanneyh4@istockphoto.com
jigouneth5,YtsYng,Gaïa,Igounet,pigouneth5@indiatimes.com
cdougillh6,eidQeAzfZFE,Kuí,Dougill,mdougillh6@techcrunch.com
jboomh7,R8MDXHsDLP,Cléopatre,Boom,nboomh7@skype.com
roscullyh8,3YHiQ25KZ,Océane,O'Scully,coscullyh8@unicef.org
arobothamh9,I1dXmcauq,Mylène,Robotham,rrobothamh9@ebay.com
tshovelinha,n3r4gBKhaWgG,Chloé,Shovelin,fshovelinha@w3.org
oickoviczhb,zDZUJ3,Léana,Ickovicz,bickoviczhb@ebay.com
wgodfroyhc,gyKRSN9TQ1,Hélène,Godfroy,kgodfroyhc@pinterest.com
vcerrohd,OMOXkm,Maï,Cerro,acerrohd@elegantthemes.com
otestinhe,q62VozN,Célestine,Testin,atestinhe@reverbnation.com
acovillhf,PZx3NE,Maëlys,Covill,scovillhf@ameblo.jp
lthoresbiehg,JUf2OoBs,Loïc,Thoresbie,cthoresbiehg@amazon.com
mpatsallhh,RhdVBQbGe,Yóu,Patsall,tpatsallhh@cbslocal.com
gvarndallhi,B2ZLidHjGnL,Örjan,Varndall,fvarndallhi@ask.com
rmccoishhj,99Kg7xiRiabn,Ophélie,McCoish,bmccoishhj@whitehouse.gov
rcarishk,J31maZ5tJNum,Ruò,Caris,bcarishk@shinystat.com
rfencotthl,4vVrek7Vv,Maëly,Fencott,gfencotthl@blogger.com
cbalfehm,xbnlx0LoDu,Eugénie,Balfe,abalfehm@netvibes.com
hwyethhn,0hdsjhEng,Méline,Wyeth,gwyethhn@vinaora.com
fwhittinghamho,pKQkP2dImd,Måns,Whittingham,lwhittinghamho@deliciousdays.com
rmerriotthp,FHjOBi,Athéna,Merriott,amerriotthp@pen.io
nspositohq,K3FxKPX1Wj,Geneviève,Sposito,aspositohq@buzzfeed.com
aspearehr,p8Lz9oDkLx5,Noémie,Speare,ispearehr@mtv.com
nkenwayhs,n1hj6wp,Wá,Kenway,mkenwayhs@mozilla.com
lhumberstonht,2slFonxYX3,Lucrèce,Humberston,ghumberstonht@indiegogo.com
mtrodlerhu,NkVom9Mq,Gösta,Trodler,ptrodlerhu@rambler.ru
jpreshohv,czRedtrlRQ,Thérèse,Presho,mpreshohv@chronoengine.com
gpreddyhw,WcXMdupmit,Méline,Preddy,ppreddyhw@wp.com
sgamellhx,4kPbTvoJtyyl,Torbjörn,Gamell,bgamellhx@acquirethisname.com
dharringhy,ovWe5vYB,Annotée,Harring,mharringhy@adobe.com
growberryhz,YqPIzX,Mylène,Rowberry,rrowberryhz@cdbaby.com
rsutterbyi0,Yhi5KYrv1,Mélina,Sutterby,hsutterbyi0@e-recht24.de
ksilvertoni1,zfitzoS,Sélène,Silverton,nsilvertoni1@fotki.com
cmascalli2,62pmH0g,Lóng,Mascall,kmascalli2@addtoany.com
owinsomi3,coOxC0,Noëlla,Winsom,swinsomi3@alexa.com
phaili4,GoniIiNX1X,Françoise,Hail,fhaili4@usnews.com
pkeymeri5,ogtY0393,Lauréna,Keymer,tkeymeri5@si.edu
kconibeeri6,eif6TfSQ9,Geneviève,Conibeer,aconibeeri6@themeforest.net
uargylei7,a09TFxpd,Torbjörn,Argyle,oargylei7@taobao.com
rkirmani8,mwD1rzJk0Yh,Kuí,Kirman,mkirmani8@pen.io
ndanii9,9FLm9w,Andréanne,Dani,ddanii9@dedecms.com
jbolwellia,6zUBu8sLN,Clémence,Bolwell,rbolwellia@pagesperso-orange.fr
sscoularib,YAujDdfqudC,Léane,Scoular,jscoularib@intel.com
aspracklingic,oCR9WRdPaKeD,Loïc,Sprackling,tspracklingic@g.co
mpasmoreid,W5iAz7dr3,Agnès,Pasmore,ppasmoreid@dailymotion.com
ksyversenie,PpBPdg5kx,Torbjörn,Syversen,psyversenie@tinypic.com
cdearnif,SCSbzM,Gösta,Dearn,adearnif@yellowpages.com
bquidenhamig,Ok7ZcqwszEc,Léa,Quidenham,aquidenhamig@globo.com
gbusseih,MENQ0G,Ráo,Busse,gbusseih@independent.co.uk
rbrisleyii,TavLfVZK,Bénédicte,Brisley,bbrisleyii@reddit.com
dcullrfordij,4hvYDGoqHmOt,Michèle,Cullrford,scullrfordij@facebook.com
suttersonik,btRsuZiw9,Lyséa,Utterson,euttersonik@de.vu
cdubiqueil,hZPxlmP5MhXg,Gösta,Dubique,cdubiqueil@redcross.org
nbaffim,Ul15R26oi,Salomé,Baff,cbaffim@yellowpages.com
bbudgeonin,s4lU7ctS7G,Björn,Budgeon,pbudgeonin@nbcnews.com
hhagwoodio,9vmp9aAYJ,Publicité,Hagwood,hhagwoodio@goo.ne.jp
ocanetip,B1l8QaXyUG,Kévina,Canet,gcanetip@home.pl
hbuggiq,YGGAT8O,Desirée,Bugg,cbuggiq@webmd.com
vhalsoir,FEBgqoXnrVY4,Hélèna,Halso,fhalsoir@state.tx.us
cveschambesis,EQgfAvmP,Börje,Veschambes,nveschambesis@cnn.com
soconnorit,uUY32oQ2IwYw,Noëlla,O'Connor,toconnorit@hao123.com
ttunnicliffiu,YMsqWxLG,Athéna,Tunnicliff,jtunnicliffiu@eventbrite.com
scarriageiv,ePCFJCt,Loïca,Carriage,acarriageiv@youtube.com
trevensiw,0pHpJV,Börje,Revens,nrevensiw@discovery.com
rsollittix,Ff8xEsrwrzA,Camélia,Sollitt,csollittix@pbs.org
ishoebrookiy,XMMk0NFeK,Gisèle,Shoebrook,lshoebrookiy@macromedia.com
ggoodhewiz,maNkmbi,Märta,Goodhew,dgoodhewiz@google.it
mgoulthorpj0,wrvMEghK2p6,Maëlys,Goulthorp,lgoulthorpj0@odnoklassniki.ru
ekenionj1,gQrKAq,Lorène,Kenion,gkenionj1@homestead.com
thucklebyj2,9uAe29mAqxuq,Marie-ève,Huckleby,vhucklebyj2@answers.com
adelucej3,SDPk5Eqbg8fl,Andréanne,Deluce,edelucej3@aboutads.info
oroscherj4,1KPTuJykNZl,Táng,Roscher,troscherj4@paginegialle.it
swhitemanj5,PeV51k,Cécile,Whiteman,rwhitemanj5@buzzfeed.com
kfardenj6,agqvULDIL,Maëline,Farden,efardenj6@canalblog.com
smcqueenj7,Kz1B3QQnxvN,Véronique,McQueen,jmcqueenj7@va.gov
cloughlinj8,BB4xjTx,Estée,Loughlin,dloughlinj8@freewebs.com
wswaloughj9,M5qrXM6Gnbu,Göran,Swalough,tswaloughj9@springer.com
dwitcombeja,L19EX59yQNjf,Vénus,Witcombe,mwitcombeja@comsenz.com
eantrumjb,831r0js,Salomé,Antrum,aantrumjb@51.la
scasollajc,PZHnKsAH,Frédérique,Casolla,ecasollajc@livejournal.com
ttaysbiljd,H3d8GPY47B,Kuí,Taysbil,mtaysbiljd@lulu.com
crebbeckje,B3ThZ7,Åslög,Rebbeck,hrebbeckje@chronoengine.com
jmourantjf,En0k9DJpvhm,Adélie,Mourant,jmourantjf@gov.uk
askocroftjg,Teim5tET6Nm,Yè,Skocroft,lskocroftjg@slate.com
glookerjh,94OdNF,Joséphine,Looker,llookerjh@microsoft.com
scorkanji,Oc3cGJTAc,Mà,Corkan,lcorkanji@wikispaces.com
lliversleyjj,10hrnK,Maïly,Liversley,gliversleyjj@ameblo.jp
gtumilityjk,wqjt4I1Mt,Clélia,Tumility,ltumilityjk@scientificamerican.com
lsorsbiejl,TyYVFQqa,Audréanne,Sorsbie,gsorsbiejl@google.co.uk
anannettijm,Om4UJuu71sFZ,Béatrice,Nannetti,onannettijm@buzzfeed.com
mcroasdalejn,oKFPfkv,Judicaël,Croasdale,mcroasdalejn@earthlink.net
ekennedyjo,dYV0qwPc9Gw,Crééz,Kennedy,akennedyjo@technorati.com
gentwislejp,iewxZDbH,Irène,Entwisle,gentwislejp@sfgate.com
ghumblejq,5d25WMB23Yui,Andréa,Humble,chumblejq@artisteer.com
jbotrightjr,BusSe80PkD,Félicie,Botright,ebotrightjr@huffingtonpost.com
bkippingjs,ceAIAz,Lén,Kipping,fkippingjs@blogtalkradio.com
mtomaszkiewiczjt,MlpgTJa,Ophélie,Tomaszkiewicz,ttomaszkiewiczjt@amazon.co.jp
rrussanju,WY1oOs,Tán,Russan,drussanju@tripadvisor.com
tinmanjv,ZOYrbeuOu,Léa,Inman,linmanjv@psu.edu
epedleyjw,5RMdhXOo9qbf,Dorothée,Pedley,ppedleyjw@blinklist.com
hcleariejx,8viD6rxk4Bv,Béatrice,Clearie,kcleariejx@mediafire.com
radmansjy,suJE6fE5U,Maëly,Admans,nadmansjy@people.com.cn
pornizjz,v6jRPh1QJd,Magdalène,Orniz,sornizjz@a8.net
jocrevank0,S3UKCxPSCu,Lucrèce,O'Crevan,bocrevank0@nsw.gov.au
hmarshlandk1,EsXQeavj,Méthode,Marshland,dmarshlandk1@home.pl
dimlink2,YjXGI9uSf89,Cunégonde,Imlin,cimlink2@yahoo.com
kraysonk3,XxWSQk,Pò,Rayson,jraysonk3@wired.com
gmarquesk4,FUYxNdcB,Mårten,Marques,smarquesk4@lulu.com
sdurnank5,KuwRqYkRr1f,Nadège,Durnan,cdurnank5@nydailynews.com
acrutcherk6,TpMGg0,Östen,Crutcher,rcrutcherk6@prweb.com
robradaink7,uU89Po8tk6,Alizée,O'Bradain,zobradaink7@yahoo.com
llelievrek8,u1Y7LSDrgb7,Loïc,Lelievre,zlelievrek8@mayoclinic.com
rdipplek9,AyfNdODeq7M,Maëlyss,Dipple,pdipplek9@sciencedaily.com
ulambarthka,FslWpP,Laurélie,Lambarth,ylambarthka@blog.com
tleinthallkb,UFb095rQk,Crééz,Leinthall,hleinthallkb@de.vu
jclearkc,VDYwsd3wEVFO,Magdalène,Clear,sclearkc@google.com.hk
ipearkd,vozGMncO,Lèi,Pear,upearkd@cnn.com
aprudhamke,ne4IB7uka2p,Estève,Prudham,oprudhamke@hibu.com
ahillyattkf,tLSDBZaB,Eloïse,Hillyatt,jhillyattkf@jimdo.com
iashfordkg,mhxHs1EiEWjC,Laurène,Ashford,bashfordkg@huffingtonpost.com
mmarrinerkh,TAPZZUhzB7n,Marie-thérèse,Marriner,bmarrinerkh@apple.com
acannicottki,AdYEQBN,Agnès,Cannicott,tcannicottki@geocities.jp
dkuzemkakj,J06qO5m,Aloïs,Kuzemka,dkuzemkakj@vkontakte.ru
kalibonekk,mCT2dzcd,Gaëlle,Alibone,ralibonekk@bandcamp.com
ufrosdickkl,JDXX5tz,Rébecca,Frosdick,gfrosdickkl@furl.net
bgrinvalkm,eDCgFB,Almérinda,Grinval,rgrinvalkm@ebay.co.uk
lacorykn,rt2QKIOOlhqW,Håkan,Acory,xacorykn@cdbaby.com
mhyndesko,fYAYqQFmc7,Åke,Hyndes,bhyndesko@guardian.co.uk
nrupprechtkp,UfRJocyx,Tán,Rupprecht,hrupprechtkp@phpbb.com
kstroderkq,UiIwQnb,Annotée,Stroder,dstroderkq@163.com
rsnewinkr,mH9z3Du,Réjane,Snewin,rsnewinkr@ovh.net
ctutillks,jXG2goM,Bérangère,Tutill,ktutillks@php.net
rgokeskt,zTNfvd6zYz,Eliès,Gokes,sgokeskt@paypal.com
lboeckeku,2Il02Ug,Ruì,Boecke,pboeckeku@foxnews.com
mnutleykv,UZKsaxO6Bt,Styrbjörn,Nutley,mnutleykv@jiathis.com
rbuttingkw,D0yJB7AugKm,Gösta,Butting,hbuttingkw@woothemes.com
trotherforthkx,uYtTRTHm,Tán,Rotherforth,mrotherforthkx@freewebs.com
iricciardelloky,doTY6UpNbFN,Anaïs,Ricciardello,gricciardelloky@amazon.com
abrownswordkz,oCZ2tjSzx3,Aurélie,Brownsword,jbrownswordkz@printfriendly.com
llanchburyl0,rsECsGy,Wá,Lanchbury,rlanchburyl0@si.edu
jfordycel1,IRru5Cx,Maëly,Fordyce,bfordycel1@de.vu
kgwynl2,dcuNEn,Intéressant,Gwyn,cgwynl2@howstuffworks.com
cantrackl3,M6x9twIx,Béatrice,Antrack,aantrackl3@eventbrite.com
dfumagallol4,0gQKx1d,Bécassine,Fumagallo,dfumagallol4@fastcompany.com
gdaymondl5,GNjHYQg,Clélia,Daymond,kdaymondl5@free.fr
zrillstonel6,zSkzDjg,Gwenaëlle,Rillstone,erillstonel6@myspace.com
nmowsdilll7,K5XgnhLXv,Françoise,Mowsdill,tmowsdilll7@163.com
twilbudl8,otSi7KeMLP6,Annotée,Wilbud,cwilbudl8@fema.gov
jpourel9,Re90dK5Js8d,Marie-hélène,Poure,kpourel9@posterous.com
stwelvesla,jOn2TcWqoDd,Geneviève,Twelves,mtwelvesla@statcounter.com
ifloodgatelb,HNlj3H6e,Simplifiés,Floodgate,mfloodgatelb@who.int
kpowislc,W71CkBl,Pénélope,Powis,tpowislc@biblegateway.com
iimasonld,3vCRZPn,Maïlis,Imason,vimasonld@gov.uk
harunowiczle,czlqcm,Céline,Arunowicz,sarunowiczle@lulu.com
mgirdlerlf,vX3u9gYwqgf1,Aí,Girdler,egirdlerlf@imageshack.us
rzamudiolg,9qDUrn,Simplifiés,Zamudio,lzamudiolg@xing.com
awhifenlh,RFPzdgUMPWh,Laurélie,Whifen,awhifenlh@umich.edu
yhoytli,bArsU2J9Yt49,Lén,Hoyt,ghoytli@fastcompany.com
tmullerlj,3TDNuw,Naéva,Muller,tmullerlj@paginegialle.it
mlangridgelk,Fud7SSFpSa10,Naëlle,Langridge,alangridgelk@youku.com
mscotneyll,xLM3nU2U5,Bérangère,Scotney,nscotneyll@wp.com
bjanninglm,w0bPs3fkk,Jú,Janning,bjanninglm@unblog.fr
cnarrawayln,ypqxA4,Cléa,Narraway,gnarrawayln@so-net.ne.jp
iaddesslo,ZxGvGN,Östen,Addess,saddesslo@spiegel.de
nendenlp,HfLwTE5,Mélinda,Enden,sendenlp@vimeo.com
misackelq,OGZ4Lie8Ut,Béatrice,Isacke,aisackelq@bing.com
mcoultishlr,Z8L8lLtSQ,Maëline,Coultish,scoultishlr@admin.ch
bkirkwoodls,hqc6oYnNT6,Lài,Kirkwood,okirkwoodls@devhub.com
meccleshalllt,IQIFXwh,Renée,Eccleshall,ceccleshalllt@newsvine.com
igrindelllu,AZOg025gaULI,Solène,Grindell,egrindelllu@domainmarket.com
awoloschinskilv,UBQXme,Judicaël,Woloschinski,cwoloschinskilv@jigsy.com
rbatstonelw,JNO9kg,Loïs,Batstone,hbatstonelw@biblegateway.com
gleytonlx,98Q0Ei5mf,Eléonore,Leyton,gleytonlx@aol.com
pfaustly,i8geH44,Célestine,Faust,lfaustly@wunderground.com
cbootslz,SNgVBUyieh,Mélia,Boots,bbootslz@umich.edu
jhadlingtonm0,H7EVGs4hWp5,Bérénice,Hadlington,mhadlingtonm0@examiner.com
rtrownsonm1,vgCZrZb9xBe,Eléa,Trownson,ptrownsonm1@google.fr
acaylem2,OKkPquGf,Garçon,Cayle,dcaylem2@nature.com
oderellm3,Ac0plSx,Véronique,Derell,dderellm3@mapy.cz
cscoonem4,JkPpasmn4,Solène,Scoone,jscoonem4@soup.io
hfurleym5,f2URds2,Åsa,Furley,nfurleym5@java.com
dtatlowem6,ZDQlxlTz,Eliès,Tatlowe,vtatlowem6@bandcamp.com
mwaythingm7,OwkRW5LL0Rj,Néhémie,Waything,pwaythingm7@friendfeed.com
tbrazilm8,3BGDDcs,Måns,Brazil,abrazilm8@cbslocal.com
kkirtlanm9,WmPPA9RfN0,Pål,Kirtlan,rkirtlanm9@springer.com
rclearma,H3PHwNUAO5,Marie-hélène,Clear,lclearma@arstechnica.com
emcdaidmb,70jlXzEmZ74p,Maïwenn,McDaid,hmcdaidmb@harvard.edu
ksummerillmc,CHEfeQIiC9h,Mylène,Summerill,dsummerillmc@prlog.org
dcristoumd,uscZD3Y3A,Måns,Cristou,jcristoumd@mozilla.com
fscurrerme,vUVW61Ojdh6,Publicité,Scurrer,tscurrerme@washington.edu
vbreitmf,wo0CDdTX,Océane,Breit,jbreitmf@infoseek.co.jp
rsymcoxmg,Cx0vKJU,Gaétane,Symcox,tsymcoxmg@tamu.edu
gjohananovmh,6pLbv3,Torbjörn,Johananov,ejohananovmh@taobao.com
jcopesmi,mu5ZLObExy,Hélène,Copes,gcopesmi@sitemeter.com
dthornhillmj,m39MbNr,Stévina,Thornhill,tthornhillmj@bandcamp.com
alevinemk,aCzEiZPpeb8g,Crééz,Levine,elevinemk@dell.com
jrowlerml,d0dUOfIMTk4,Lóng,Rowler,rrowlerml@utexas.edu
ginglesantmm,zlOxxu0t3,Andréanne,Inglesant,minglesantmm@tumblr.com
cbentjensmn,JyNKGotb7TV,Adélaïde,Bentjens,jbentjensmn@123-reg.co.uk
cbillboroughmo,8FyMw98Cecbx,Chloé,Billborough,ybillboroughmo@huffingtonpost.com
lgeroldmp,4ueFP9a,Thérèse,Gerold,lgeroldmp@twitter.com
ataylorsonmq,2a7bbga,Véronique,Taylorson,rtaylorsonmq@devhub.com
nanthesmr,PEdFl0jFH,Eléonore,Anthes,wanthesmr@usa.gov
aalderseams,npNBYp,Maïté,Aldersea,balderseams@sphinn.com
brenachowskimt,Prs6UpYbg,Erwéi,Renachowski,trenachowskimt@google.cn
rrushbymu,sOcEeCH,Faîtes,Rushby,grushbymu@hexun.com
yabelevitzmv,kUk6giC,Jú,Abelevitz,rabelevitzmv@i2i.jp
hheindrickmw,ucoRCg59ZHl,Dorothée,Heindrick,fheindrickmw@loc.gov
iaplinmx,7YZZq0o,Edmée,Aplin,baplinmx@sun.com
cminorsmy,c2N7SkjlFMVK,Pò,Minors,lminorsmy@usnews.com
fkelbermanmz,9U3Sp4NRh,Nadège,Kelberman,ekelbermanmz@yandex.ru
srodnightn0,Vd0B9q1r5eI,Zoé,Rodnight,drodnightn0@reddit.com
mackensonn1,w29gGuS3,Michèle,Ackenson,cackensonn1@wsj.com
acristobaln2,meh7h2,Marlène,Cristobal,ncristobaln2@latimes.com
lmarthenn3,qoYbPhznerV,Börje,Marthen,hmarthenn3@time.com
adickonn4,lY0QtGWVcry,Gaëlle,Dickon,mdickonn4@arstechnica.com
bpolycoten5,ANqI6k5ukD0b,Aimée,Polycote,lpolycoten5@adobe.com
ikippenn6,vsxUpM,Pélagie,Kippen,akippenn6@ebay.co.uk
mnorthinn7,1gd0Wz6IjGr,Michèle,Northin,onorthinn7@theguardian.com
ecollinsonn8,pZIGpsuUggkt,Cléopatre,Collinson,dcollinsonn8@furl.net
fangricn9,rtCyWD7nMVv,Françoise,Angric,tangricn9@123-reg.co.uk
vsherringtonna,TV4CgqNsiKaZ,Maëlann,Sherrington,msherringtonna@dagondesign.com
hduleynb,EHPQAbV,Céline,Duley,bduleynb@ftc.gov
eslingernc,DMqQkE,Andrée,Slinger,dslingernc@amazon.co.uk
aberthonnd,4tfeKXBVodH,Annotés,Berthon,wberthonnd@xrea.com
rgladwishne,whmDO2A,Athéna,Gladwish,bgladwishne@google.com.br
ntrengovenf,uZOybHd,Clémentine,Trengove,etrengovenf@engadget.com
whucklebyng,EghHghn5hqFu,Bécassine,Huckleby,jhucklebyng@reuters.com
dsommerscalesnh,8bxu2qbd,Céline,Sommerscales,gsommerscalesnh@wordpress.com
lpopovni,j3DJnwFBy,Estée,Popov,spopovni@wikia.com
fkippennj,9JijwG,Marie-josée,Kippen,dkippennj@quantcast.com
gturbatnk,0foHGX,Måns,Turbat,jturbatnk@bbb.org
vwreynl,ZRckoG,Bérengère,Wrey,owreynl@ftc.gov
bpottipharnm,Q0F4s3L1u,Célestine,Pottiphar,jpottipharnm@ted.com
cfarnynn,jOLuqf4X29X3,Marie-françoise,Farny,jfarnynn@twitter.com
snewburyno,qmwvmQXkwIp,Mélissandre,Newbury,lnewburyno@csmonitor.com
mviciosonp,7kAVPO,Andrée,Vicioso,wviciosonp@army.mil
tfortnq,oWZaHJk,Eugénie,Fort,hfortnq@networkadvertising.org
ninglesantnr,YHSufEVN4,Ophélie,Inglesant,finglesantnr@yahoo.com
cslackns,F4iqNd,Maéna,Slack,lslackns@phoca.cz
mchippendalent,y9Bn0ywTIHW,Maïlis,Chippendale,achippendalent@lycos.com
bspurwaynu,q9LqYd8B68oo,Nuó,Spurway,dspurwaynu@gizmodo.com
enorthallnv,3ImxtWIixRVh,Joséphine,Northall,jnorthallnv@list-manage.com
uvinallnw,5AjRowg,Cloé,Vinall,avinallnw@netscape.com
ckaysnx,FQXjZhYP6LK,Maëlyss,Kays,jkaysnx@studiopress.com
bstiffny,rTVyBABNNm0U,Félicie,Stiff,dstiffny@buzzfeed.com
moffieldnz,VqZWPHtjXx,Ophélie,Offield,soffieldnz@chron.com
cjindraceko0,XtJN0Q8eptic,Mårten,Jindracek,cjindraceko0@blogtalkradio.com
jogrowganeo1,P9qoLOhhy,Mélys,O'Growgane,mogrowganeo1@scribd.com
dcowtherdo2,m0qC8fMMJRP,Adèle,Cowtherd,fcowtherdo2@de.vu
garzuo3,xzaWBE7U,Personnalisée,Arzu,earzuo3@github.io
denrigoo4,M29xwF,Mahélie,Enrigo,renrigoo4@cam.ac.uk
vmcguinnesso5,tjhY7vCG,Örjan,McGuinness,amcguinnesso5@ed.gov
pfostero6,eN6fpPywe4R,Yénora,Foster,pfostero6@amazon.de
dridgewayo7,TFHgzmMHk,Yú,Ridgeway,nridgewayo7@chicagotribune.com
alyvono8,NImqs2Hy,Médiamass,Lyvon,mlyvono8@yale.edu
achardo9,9pIozbqxcu,Léana,Chard,tchardo9@linkedin.com
fbirchoa,BUDZaxXJM,Publicité,Birch,dbirchoa@reference.com
tkivellob,1eewK7VhNTcN,Médiamass,Kivell,lkivellob@hp.com
dguitonoc,IrIpxFITce,Styrbjörn,Guiton,cguitonoc@shutterfly.com
lsimpkissod,Z4xQdr,Hélène,Simpkiss,bsimpkissod@unicef.org
mabercrombyoe,53yQmdAqidrz,Anaëlle,Abercromby,sabercrombyoe@unblog.fr
vtoffolettoof,iD8eBW,Torbjörn,Toffoletto,ltoffolettoof@cocolog-nifty.com
lvanhoveog,eECbAR7,Gwenaëlle,Van Hove,dvanhoveog@craigslist.org
rsaltmanoh,FthNRW2,Simplifiés,Saltman,rsaltmanoh@mit.edu
dsouthertonoi,bd8ViL,Wá,Southerton,nsouthertonoi@imgur.com
swhateoj,ewahMQTyNgZX,Marie-françoise,Whate,zwhateoj@simplemachines.org
nedmensonok,tQiBhH,Amélie,Edmenson,eedmensonok@infoseek.co.jp
alanslyol,Uvj3JkV6SRH,Dafnée,Lansly,clanslyol@businessweek.com
lmcaughtryom,7PIAXne,Alizée,McAughtry,kmcaughtryom@huffingtonpost.com
kbradnumon,J8MthX8k,Märta,Bradnum,fbradnumon@businessinsider.com
gpratioo,QTPcLO,Liè,Prati,kpratioo@cpanel.net
dbadderop,impWCQH,Léonore,Badder,hbadderop@cam.ac.uk
pullyattoq,V3MuP0CVMEKb,Judicaël,Ullyatt,bullyattoq@slideshare.net
btomaschkeor,YEtnFcfoeyPu,Andrée,Tomaschke,dtomaschkeor@wikipedia.org
sjannawayos,7gOtoQeRkE,Lauréna,Jannaway,njannawayos@biglobe.ne.jp
emelanot,4cZ5lhfsJjvk,Lén,Melan,smelanot@icio.us
ddinnageou,VgExRsk8Q9QP,Daphnée,Dinnage,udinnageou@histats.com
lwordingtonov,FZwWNg5mPJgm,Mén,Wordington,twordingtonov@vimeo.com
ssporeow,weogFAj,Crééz,Spore,psporeow@redcross.org
lflemmingox,arAbJZ9uMXJu,Crééz,Flemming,vflemmingox@hatena.ne.jp
glambeoy,R2aigJk,Médiamass,Lambe,hlambeoy@topsy.com
mandriveloz,lHUqvm0l,Åke,Andrivel,landriveloz@webnode.com
pdewanp0,9PsMmZ4,Adélie,Dewan,ldewanp0@ameblo.jp
edifilippop1,AW5hyybhElL,Ráo,Di Filippo,jdifilippop1@ovh.net
gobingtonp2,IGPcce,Thérèsa,Obington,uobingtonp2@latimes.com
nmifflinp3,AyStyPmD2P,Réjane,Mifflin,kmifflinp3@telegraph.co.uk
rclemittp4,LdfBV9ExMP,Léone,Clemitt,kclemittp4@illinois.edu
cdeversp5,C0TnSZWH5CK,Naëlle,Devers,ddeversp5@globo.com
jwhitingtonp6,iLF6cba,Måns,Whitington,lwhitingtonp6@skyrock.com
fbuschp7,wEfMQWPi,Torbjörn,Busch,gbuschp7@youtu.be
cogelsbyp8,Ba1kBmfXE,Måns,Ogelsby,cogelsbyp8@howstuffworks.com
sbirleyp9,wKlU24zdsu,Méng,Birley,hbirleyp9@myspace.com
areidshawpa,W0ZBys,Gaïa,Reidshaw,lreidshawpa@drupal.org
mhartlesspb,hEekv2Lfzp,Andréanne,Hartless,rhartlesspb@timesonline.co.uk
mnolinpc,azlSzj,Loïc,Nolin,cnolinpc@yahoo.com
jcraiggpd,ItbV01q,Almérinda,Craigg,fcraiggpd@tumblr.com
akeyworthpe,fbSP0ziu,Garçon,Keyworth,rkeyworthpe@github.io
vfihellypf,VGAX53uo2,Faîtes,Fihelly,afihellypf@sphinn.com
vwoolagerpg,hHtgTzNEVp,Béatrice,Woolager,swoolagerpg@squarespace.com
crustedph,HGsV84u9ifo,Bérangère,Rusted,mrustedph@ebay.co.uk
gabramovpi,I56uO5zHN7G,Cécilia,Abramov,yabramovpi@house.gov
zsextipj,i8xaIH6P5,Maïté,Sexti,asextipj@chicagotribune.com
vridwoodpk,GuuJZnMkA1PA,Inès,Ridwood,wridwoodpk@cbslocal.com
ceighteenpl,0tv9mqSY,Aí,Eighteen,jeighteenpl@acquirethisname.com
afarrarpm,aCzlG0RUD,Simplifiés,Farrar,mfarrarpm@geocities.jp
dblaymirespn,uVdGgLLL,Aí,Blaymires,gblaymirespn@baidu.com
dmedinapo,c5xw3pk,André,Medina,rmedinapo@rambler.ru
stwiggspp,XwFQrCGq2kr,Lèi,Twiggs,atwiggspp@zdnet.com
kbarkerpq,ToBWG9BKMRK,Mélia,Barker,fbarkerpq@nps.gov
asouthernspr,nNLkPQSm8,Joséphine,Southerns,rsouthernspr@altervista.org
cbourdelps,oWqBNe03opx5,Vérane,Bourdel,bbourdelps@cbc.ca
rlantiffept,S4WCdZph6g4,Loïc,Lantiffe,clantiffept@wordpress.com
ntrinkwonpu,cjPA6iw,Ráo,Trinkwon,mtrinkwonpu@senate.gov
bvelpv,sim3xT,Andréanne,Vel,rvelpv@europa.eu
tbowshirepw,0tmVhhsVhOwg,Yóu,Bowshire,kbowshirepw@berkeley.edu
cbeardwoodpx,BCuvBvY,Erwéi,Beardwood,mbeardwoodpx@vk.com
hganingpy,WXWGHYxq54l,Mylène,Ganing,aganingpy@cnet.com
hkirragepz,TuOJNlYdJ,Andréanne,Kirrage,dkirragepz@walmart.com
kgossopq0,4sweIdLZ,Cléopatre,Gossop,agossopq0@usda.gov
fwillingamq1,3sp0XCO,Françoise,Willingam,mwillingamq1@taobao.com
ehuckelq2,NvAXoYBr9e,Mélissandre,Huckel,whuckelq2@ca.gov
lcrudgeq3,kO69oMAzX2,Almérinda,Crudge,scrudgeq3@barnesandnoble.com
klenoireq4,f3kEmqYR2,Maëline,Le Noire,hlenoireq4@usa.gov
lspivieq5,SpKI73AmK,Michèle,Spivie,rspivieq5@pcworld.com
hchesleyq6,DK5gPlAWLn,Miléna,Chesley,ochesleyq6@discovery.com
bharrowingq7,5TpWB2,Lài,Harrowing,jharrowingq7@disqus.com
jlysaghtq8,N3rf9Emy,Faîtes,Lysaght,rlysaghtq8@symantec.com
hbrydellq9,4tVleW,Léane,Brydell,vbrydellq9@domainmarket.com
bstarzakerqa,E60oioAx6a,Marie-françoise,Starzaker,gstarzakerqa@apple.com
abubbqb,VJJtWtJ09iB,Gisèle,Bubb,cbubbqb@ft.com
rduesterqc,of1c3MN3m,Personnalisée,Duester,wduesterqc@tumblr.com
jeillesqd,07U279wQ,Annotée,Eilles,ceillesqd@posterous.com
akellingtonqe,StwuKUA,Desirée,Kellington,kkellingtonqe@facebook.com
amcmainsqf,nwxhQz2wA,Angélique,McMains,lmcmainsqf@cnbc.com
mmcmarquisqg,nwttdb1A,Clélia,McMarquis,fmcmarquisqg@123-reg.co.uk
zfrawleyqh,N22u3hkZU,Véronique,Frawley,sfrawleyqh@cbc.ca
rsemirazqi,Ohv24x,Måns,Semiraz,esemirazqi@about.com
achafneyqj,Cd3Cy6gWEDW6,Kuí,Chafney,mchafneyqj@google.co.jp
hgatchelqk,DYJwgVm,Görel,Gatchel,kgatchelqk@bbc.co.uk
lwrathallql,xfdjxV,Mélanie,Wrathall,swrathallql@state.tx.us
nhowarthqm,225sj9Jkw4,Intéressant,Howarth,lhowarthqm@guardian.co.uk
stinhamqn,CVkj156zf,Réjane,Tinham,dtinhamqn@wisc.edu
vferfulleqo,4O3eIS,Laurélie,Ferfulle,bferfulleqo@rediff.com
eroydsqp,WyKXci6Ci,Vérane,Royds,croydsqp@weibo.com
rsutchqq,jlQKnx2g917,Céline,Sutch,lsutchqq@wiley.com
spapierzqr,iIk1vnUP,Cécilia,Papierz,tpapierzqr@goo.ne.jp
tmerrienqs,LEMbvK,Gérald,Merrien,tmerrienqs@discuz.net
gsiviourqt,SbdoYYpeU,Stéphanie,Siviour,hsiviourqt@tinyurl.com
zkauschkequ,iPxuZW8J,Béatrice,Kauschke,mkauschkequ@unesco.org
fblanckleyqv,oEf0KSp,Garçon,Blanckley,ablanckleyqv@lycos.com
alamberteschiqw,YjgCmD,Noëlla,Lamberteschi,tlamberteschiqw@cloudflare.com
mleggettqx,mNPkZpHX,Nélie,Leggett,jleggettqx@princeton.edu
hrodrigqy,IobHZKvgVJJX,Pénélope,Rodrig,crodrigqy@europa.eu
scallissqz,6OVHR2lKj2d,Irène,Calliss,ncallissqz@ted.com
jwatersr0,ri2OUh,Régine,Waters,qwatersr0@free.fr
cwinsparer1,DXFaFk0eLI4q,Cloé,Winspare,bwinsparer1@list-manage.com
mdavydychevr2,1GiHpD9D,Gwenaëlle,Davydychev,fdavydychevr2@quantcast.com
nmartusewiczr3,zrAV0xO,Audréanne,Martusewicz,gmartusewiczr3@so-net.ne.jp
froastr4,fVArd2dt,Laïla,Roast,aroastr4@state.tx.us
jdowlingr5,dd8pLI7VkY,Céline,Dowling,adowlingr5@hp.com
cblackburner6,ynPH6UhBSK,Desirée,Blackburne,vblackburner6@istockphoto.com
bgroundwatorr7,rEEdRnSYJ,Mélina,Groundwator,mgroundwatorr7@webs.com
lsmallesr8,d9iWdv7,Göran,Smalles,msmallesr8@pagesperso-orange.fr
ccopleyr9,56cusdsx8Knh,Andréa,Copley,lcopleyr9@issuu.com
dcocksonra,R55XVHEZ,Mén,Cockson,ucocksonra@delicious.com
raugierb,dsAjzM,Naéva,Augie,eaugierb@sbwire.com
creekenrc,LS6zKVEO1qW,Mårten,Reeken,sreekenrc@netscape.com
jdarcyrd,lLZ1Z6xMU,Cécile,d'Arcy,gdarcyrd@nasa.gov
rtomickire,XVic2NlUjz,Liè,Tomicki,etomickire@about.com
rrisbierf,6XsLFmjcG84G,Maëlann,Risbie,crisbierf@usnews.com
mstowerg,lK044t1Ht9,Pénélope,Stowe,mstowerg@yale.edu
srubinrh,bkaIOuo1KXFL,Marie-noël,Rubin,drubinrh@abc.net.au
nstandellri,DULy8spta,Mén,Standell,astandellri@cnn.com
rclistrj,Sf4JNcJo,Yénora,Clist,oclistrj@house.gov
eparamanrk,JxBmP0,Kallisté,Paraman,cparamanrk@furl.net
ahunnywellrl,Et67oU6,Gaïa,Hunnywell,lhunnywellrl@springer.com
ebarnhillrm,4ihH31Rf,Görel,Barnhill,obarnhillrm@guardian.co.uk
draundrn,54KAYlrf,Måns,Raund,araundrn@go.com
dgehringro,QJoVxyxQ6,Aloïs,Gehring,jgehringro@huffingtonpost.com
mludwigrp,Mfwp98XfK,Anaïs,Ludwig,tludwigrp@dailymail.co.uk
tcattachrq,pRet5teOR,Mélys,Cattach,tcattachrq@uiuc.edu
hbilberyrr,Be7h4zUi,Mélia,Bilbery,ebilberyrr@msn.com
